Pathway identifier,Pathway name,#Entities found,#Entities total,Entities ratio,Entities pValue,Entities FDR,#Reactions found,#Reactions total,Reactions ratio,Species identifier,Species name,Submitted entities found,Mapped entities,Found reaction identifiers
R-HSA-6811434,"COPI-dependent Golgi-to-ER retrograde traffic",8,107,0.007497722654333964,8.702739029420314E-8,3.542014784974068E-5,8,11,8.101937099506518E-4,9606,Homo sapiens,"ARF1;TUBA1A;TMED10;SURF4;TMED2;TUBA4A","","R-HSA-6811414;R-HSA-6811412;R-HSA-6811427;R-HSA-6811411;R-HSA-6811426;R-HSA-6811423;R-HSA-6811418;R-HSA-6811417"
R-HSA-381070,"IRE1alpha activates chaperones",7,101,0.007077289608296546,9.62977932950082E-7,9.431676255367005E-5,49,53,0.0039036606024895042,9606,Homo sapiens,"XBP1;DNAJB9;PDIA6","","R-HSA-1791131;R-HSA-1791130;R-HSA-1791128;R-HSA-8953356;R-HSA-1791134;R-HSA-1791133;R-HSA-1791123;R-HSA-1791122;R-HSA-1791124;R-HSA-1791114;R-HSA-1791112;R-HSA-381203;R-HSA-1791116;R-HSA-1791108;R-HSA-1791167;R-HSA-1791164;R-HSA-1791155;R-HSA-1791154;R-HSA-1791158;R-HSA-1791157;R-HSA-1791156;R-HSA-1791144;R-HSA-1791139;R-HSA-1791138;R-HSA-1791137;R-HSA-1791143;R-HSA-1791066;R-HSA-1791064;R-HSA-1791071;R-HSA-425923;R-HSA-1791069;R-HSA-1791058;R-HSA-1791186;R-HSA-1791057;R-HSA-1791184;R-HSA-1791060;R-HSA-1791177;R-HSA-1791054;R-HSA-1791169;R-HSA-1791172;R-HSA-1791096;R-HSA-1791102;R-HSA-1791088;R-HSA-1791092;R-HSA-8953336;R-HSA-1791083;R-HSA-1791084;R-HSA-1791075;R-HSA-1791076"
R-HSA-8856688,"Golgi-to-ER retrograde transport",8,148,0.010370681802256324,9.874181735591847E-7,9.431676255367005E-5,10,18,0.0013257715253737938,9606,Homo sapiens,"ARF1;TUBA1A;TMED10;SURF4;TMED2;TUBA4A","","R-HSA-8849350;R-HSA-6811414;R-HSA-6811412;R-HSA-6811427;R-HSA-6811411;R-HSA-6811426;R-HSA-6811423;R-HSA-6811418;R-HSA-6811417;R-HSA-8849353"
R-HSA-381119,"Unfolded Protein Response (UPR)",8,155,0.010861187022633311,1.3891079646555227E-6,9.431676255367005E-5,50,94,0.006923473521396479,9606,Homo sapiens,"XBP1;DNAJB9;PDIA6","","R-HSA-1791131;R-HSA-1791130;R-HSA-1791128;R-HSA-8953356;R-HSA-1791134;R-HSA-1791133;R-HSA-1791123;R-HSA-1791122;R-HSA-1791121;R-HSA-1791124;R-HSA-1791114;R-HSA-1791112;R-HSA-381203;R-HSA-1791116;R-HSA-1791108;R-HSA-1791167;R-HSA-1791164;R-HSA-1791155;R-HSA-1791154;R-HSA-1791158;R-HSA-1791157;R-HSA-1791156;R-HSA-1791144;R-HSA-1791139;R-HSA-1791138;R-HSA-1791137;R-HSA-1791143;R-HSA-1791066;R-HSA-1791064;R-HSA-1791071;R-HSA-425923;R-HSA-1791069;R-HSA-1791058;R-HSA-1791186;R-HSA-1791057;R-HSA-1791184;R-HSA-1791060;R-HSA-1791177;R-HSA-1791054;R-HSA-1791169;R-HSA-1791172;R-HSA-1791096;R-HSA-1791102;R-HSA-1791088;R-HSA-1791092;R-HSA-8953336;R-HSA-1791083;R-HSA-1791084;R-HSA-1791075;R-HSA-1791076"
R-HSA-6807878,"COPI-mediated anterograde transport",7,107,0.007497722654333964,1.407712873935374E-6,9.431676255367005E-5,9,12,8.838476835825292E-4,9606,Homo sapiens,"ARF1;TMED10;TUBA1A;TMED2;TUBA4A","","R-HSA-6807877;R-HSA-6809011;R-HSA-6807875;R-HSA-6809010;R-HSA-6807872;R-HSA-6809006;R-HSA-6807868;R-HSA-6809003;R-HSA-6807866"
R-HSA-446203,"Asparagine N-linked glycosylation",11,421,0.02950038539695887,9.682365928576075E-6,5.615772238574124E-4,24,144,0.01060617220299035,9606,Homo sapiens,"PDIA3;ARF1;TUBA1A;TMED10;OS9;RPN1;TMED2;TUBA4A;DDOST","","R-HSA-6807877;R-HSA-5694418;R-HSA-6807875;R-HSA-203973;R-HSA-446209;R-HSA-5694417;R-HSA-6807872;R-HSA-6809006;R-HSA-5694527;R-HSA-204008;R-HSA-6809003;R-HSA-5694522;R-HSA-5694439;R-HSA-548890;R-HSA-6809011;R-HSA-6809010;R-HSA-5694446;R-HSA-901047;R-HSA-6807868;R-HSA-5694410;R-HSA-6807866;R-HSA-5694409;R-HSA-8867288;R-HSA-5694441"
R-HSA-6811442,"Intra-Golgi and retrograde Golgi-to-ER traffic",8,219,0.015345806180365776,1.7018934627355264E-5,8.219505114818171E-4,13,48,0.003535390734330117,9606,Homo sapiens,"ARF1;TUBA1A;TMED10;SURF4;TMED2;TUBA4A","","R-HSA-8849350;R-HSA-6811427;R-HSA-8847875;R-HSA-6811426;R-HSA-8847883;R-HSA-8849353;R-HSA-8847880;R-HSA-6811414;R-HSA-6811412;R-HSA-6811411;R-HSA-6811423;R-HSA-6811418;R-HSA-6811417"
R-HSA-392499,"Metabolism of proteins",26,2205,0.15450914441875133,1.9073812794756506E-5,8.219505114818171E-4,68,798,0.0587758709582382,9606,Homo sapiens,"PDIA3;ARF1;TMED10;RPN1;PDIA6;PRSS23;TUBA4A;DDOST;SEC61A1;UCHL1;TUBA1A;HNRNPK;OS9;PSMC3;PSAP;EIF4H;TMED2;P4HB;GAPDH;ITM2B","","R-HSA-5686359;R-HSA-5694418;R-HSA-1799326;R-HSA-446209;R-HSA-5694417;R-HSA-156808;R-HSA-8956184;R-HSA-548890;R-HSA-5689539;R-HSA-156823;R-HSA-5665871;R-HSA-5690319;R-HSA-157849;R-HSA-5694410;R-HSA-5694409;R-HSA-6807877;R-HSA-5687284;R-HSA-6807875;R-HSA-6807872;R-HSA-72619;R-HSA-72621;R-HSA-8867370;R-HSA-5694439;R-HSA-8955706;R-HSA-5694446;R-HSA-1799329;R-HSA-901047;R-HSA-8866105;R-HSA-5694441;R-HSA-390470;R-HSA-203973;R-HSA-4570499;R-HSA-72647;R-HSA-389954;R-HSA-5685649;R-HSA-8955712;R-HSA-389964;R-HSA-6809006;R-HSA-5686301;R-HSA-389961;R-HSA-6809003;R-HSA-389963;R-HSA-976734;R-HSA-389972;R-HSA-389974;R-HSA-6809011;R-HSA-8955869;R-HSA-6809010;R-HSA-389970;R-HSA-5686286;R-HSA-389980;R-HSA-6807868;R-HSA-389976;R-HSA-6807866;R-HSA-389978;R-HSA-8867288;R-HSA-8956140;R-HSA-5685296;R-HSA-5665854;R-HSA-8952289;R-HSA-8865774;R-HSA-5694527;R-HSA-5686335;R-HSA-204008;R-HSA-5694522;R-HSA-5683879;R-HSA-72697;R-HSA-977136"
R-HSA-199977,"ER to Golgi Anterograde Transport",7,164,0.01149183659168944,2.221487868869776E-5,8.219505114818171E-4,20,39,0.00287250497164322,9606,Homo sapiens,"ARF1;TMED10;TUBA1A;TMED2;TUBA4A","","R-HSA-6807877;R-HSA-6807875;R-HSA-5694418;R-HSA-203973;R-HSA-5694417;R-HSA-6807872;R-HSA-6809006;R-HSA-5694527;R-HSA-204008;R-HSA-6809003;R-HSA-5694522;R-HSA-5694439;R-HSA-6809011;R-HSA-6809010;R-HSA-5694446;R-HSA-6807868;R-HSA-5694410;R-HSA-6807866;R-HSA-5694441;R-HSA-5694409"
R-HSA-948021,"Transport to the Golgi and subsequent modification",7,219,0.015345806180365776,1.3468967461949255E-4,0.004178373562344073,20,60,0.004419238417912646,9606,Homo sapiens,"ARF1;TMED10;TUBA1A;TMED2;TUBA4A","","R-HSA-6807877;R-HSA-6807875;R-HSA-5694418;R-HSA-203973;R-HSA-5694417;R-HSA-6807872;R-HSA-6809006;R-HSA-5694527;R-HSA-204008;R-HSA-6809003;R-HSA-5694522;R-HSA-5694439;R-HSA-6809011;R-HSA-6809010;R-HSA-5694446;R-HSA-6807868;R-HSA-5694410;R-HSA-6807866;R-HSA-5694441;R-HSA-5694409"
R-HSA-381038,"XBP1(S) activates chaperone genes",5,95,0.0066568565622591265,1.34786243946583E-4,0.004178373562344073,47,47,0.0034617367606982396,9606,Homo sapiens,"XBP1;DNAJB9;PDIA6","","R-HSA-1791131;R-HSA-1791130;R-HSA-1791066;R-HSA-1791064;R-HSA-1791128;R-HSA-8953356;R-HSA-1791071;R-HSA-1791134;R-HSA-1791069;R-HSA-1791133;R-HSA-1791123;R-HSA-1791058;R-HSA-1791122;R-HSA-1791186;R-HSA-1791057;R-HSA-1791184;R-HSA-1791124;R-HSA-1791060;R-HSA-1791114;R-HSA-1791177;R-HSA-1791112;R-HSA-1791054;R-HSA-1791116;R-HSA-1791169;R-HSA-1791108;R-HSA-1791172;R-HSA-1791096;R-HSA-1791167;R-HSA-1791102;R-HSA-1791164;R-HSA-1791155;R-HSA-1791154;R-HSA-1791088;R-HSA-1791158;R-HSA-1791157;R-HSA-1791092;R-HSA-1791156;R-HSA-8953336;R-HSA-1791083;R-HSA-1791144;R-HSA-1791084;R-HSA-1791075;R-HSA-1791139;R-HSA-1791138;R-HSA-1791137;R-HSA-1791143;R-HSA-1791076"
R-HSA-5683826,"Surfactant metabolism",4,52,0.0036437530656576273,1.5699460753204608E-4,0.004552843618429336,8,29,0.0021359652353244458,9606,Homo sapiens,"PSAP","","R-HSA-5686359;R-HSA-5683879;R-HSA-5687284;R-HSA-5685296;R-HSA-5685649;R-HSA-5686286;R-HSA-5686335;R-HSA-5686301"
R-HSA-180897,"Vpr-mediated induction of apoptosis by mitochondrial outer membrane permeabilization",2,4,2.8028869735827904E-4,2.0374123052702142E-4,0.005501013224229578,1,2,1.4730794726375488E-4,9606,Homo sapiens,"SLC25A6","","R-HSA-180905"
R-HSA-5358351,"Signaling by Hedgehog",6,168,0.01177212528904772,2.3079870821873794E-4,0.005769967705468448,15,82,0.00603962583781395,9606,Homo sapiens,"TUBA1A;OS9;PSMC3;RPN1;P4HB;TUBA4A","","R-HSA-5362448;R-HSA-5635868;R-HSA-5362459;R-HSA-5610757;R-HSA-5358336;R-HSA-5610758;R-HSA-5362437;R-HSA-5358340;R-HSA-5610754;R-HSA-5610733;R-HSA-5362441;R-HSA-5610767;R-HSA-5635854;R-HSA-5610760;R-HSA-5362412"
R-HSA-2262752,"Cellular responses to stress",14,952,0.0667087099712704,2.9934846563473005E-4,0.006885014709598791,62,381,0.028062163953745306,9606,Homo sapiens,"XBP1;TUBA1A;PSMC3;RPN1;DNAJB9;P4HB;ATP6V0E2;PDIA6;TUBA4A","","R-HSA-1791131;R-HSA-1791130;R-HSA-1791128;R-HSA-8953356;R-HSA-1791134;R-HSA-1791133;R-HSA-1791123;R-HSA-1791122;R-HSA-1791121;R-HSA-8932355;R-HSA-9645598;R-HSA-1791124;R-HSA-9640195;R-HSA-1791114;R-HSA-1791112;R-HSA-381203;R-HSA-9646468;R-HSA-1791116;R-HSA-1791108;R-HSA-1791167;R-HSA-1791164;R-HSA-1791155;R-HSA-1791154;R-HSA-1791158;R-HSA-1791157;R-HSA-1791156;R-HSA-1791144;R-HSA-1791139;R-HSA-1791138;R-HSA-1791137;R-HSA-9645608;R-HSA-1791143;R-HSA-1791066;R-HSA-3341296;R-HSA-1791064;R-HSA-1791071;R-HSA-425923;R-HSA-1791069;R-HSA-1791058;R-HSA-1791186;R-HSA-1791057;R-HSA-1791184;R-HSA-1791060;R-HSA-1791177;R-HSA-1791054;R-HSA-1791169;R-HSA-1791172;R-HSA-1791096;R-HSA-9639286;R-HSA-1791102;R-HSA-1791088;R-HSA-1791092;R-HSA-8953336;R-HSA-1791083;R-HSA-9640167;R-HSA-5618080;R-HSA-1791084;R-HSA-1791075;R-HSA-9640168;R-HSA-9640175;R-HSA-1234159;R-HSA-1791076"
R-HSA-8953897,"Cellular responses to stimuli",14,970,0.06797000910938267,3.6192699002624007E-4,0.007962393780577282,62,412,0.030345437136333506,9606,Homo sapiens,"XBP1;TUBA1A;PSMC3;RPN1;DNAJB9;P4HB;ATP6V0E2;PDIA6;TUBA4A","","R-HSA-1791131;R-HSA-1791130;R-HSA-1791128;R-HSA-8953356;R-HSA-1791134;R-HSA-1791133;R-HSA-1791123;R-HSA-1791122;R-HSA-1791121;R-HSA-8932355;R-HSA-9645598;R-HSA-1791124;R-HSA-9640195;R-HSA-1791114;R-HSA-1791112;R-HSA-381203;R-HSA-9646468;R-HSA-1791116;R-HSA-1791108;R-HSA-1791167;R-HSA-1791164;R-HSA-1791155;R-HSA-1791154;R-HSA-1791158;R-HSA-1791157;R-HSA-1791156;R-HSA-1791144;R-HSA-1791139;R-HSA-1791138;R-HSA-1791137;R-HSA-9645608;R-HSA-1791143;R-HSA-1791066;R-HSA-3341296;R-HSA-1791064;R-HSA-1791071;R-HSA-425923;R-HSA-1791069;R-HSA-1791058;R-HSA-1791186;R-HSA-1791057;R-HSA-1791184;R-HSA-1791060;R-HSA-1791177;R-HSA-1791054;R-HSA-1791169;R-HSA-1791172;R-HSA-1791096;R-HSA-9639286;R-HSA-1791102;R-HSA-1791088;R-HSA-1791092;R-HSA-8953336;R-HSA-1791083;R-HSA-9640167;R-HSA-5618080;R-HSA-1791084;R-HSA-1791075;R-HSA-9640168;R-HSA-9640175;R-HSA-1234159;R-HSA-1791076"
R-HSA-5358346,"Hedgehog ligand biogenesis",4,72,0.005045196552449022,5.343553231185183E-4,0.011221461785488884,7,15,0.0011048096044781615,9606,Homo sapiens,"OS9;PSMC3;RPN1;P4HB","","R-HSA-5358336;R-HSA-5362448;R-HSA-5362437;R-HSA-5358340;R-HSA-5362441;R-HSA-5362459;R-HSA-5362412"
R-HSA-5688849,"Defective CSF2RB causes SMDP5",2,8,5.605773947165581E-4,8.042474416795065E-4,0.015280701391910623,1,1,7.365397363187744E-5,9606,Homo sapiens,"PSAP","","R-HSA-5688884"
R-HSA-5688890,"Defective CSF2RA causes SMDP4",2,8,5.605773947165581E-4,8.042474416795065E-4,0.015280701391910623,1,1,7.365397363187744E-5,9606,Homo sapiens,"PSAP","","R-HSA-5688899"
R-HSA-8852276,"The role of GTSE1 in G2/M progression after G2 checkpoint",4,83,0.00581599047018429,9.046724299009989E-4,0.01611644209036378,4,10,7.365397363187744E-4,9606,Homo sapiens,"TUBA1A;PSMC3;RPN1;TUBA4A","","R-HSA-8852306;R-HSA-8852354;R-HSA-8852298;R-HSA-8852280"
R-HSA-597592,"Post-translational protein modification",18,1598,0.11197533459463248,9.480260053155165E-4,0.01611644209036378,38,526,0.03874199013036753,9606,Homo sapiens,"PDIA3;ARF1;TMED10;RPN1;PDIA6;PRSS23;TUBA4A;DDOST;UCHL1;TUBA1A;HNRNPK;OS9;PSMC3;TMED2;P4HB","","R-HSA-5694418;R-HSA-203973;R-HSA-4570499;R-HSA-446209;R-HSA-5694417;R-HSA-8955712;R-HSA-6809006;R-HSA-6809003;R-HSA-8956184;R-HSA-548890;R-HSA-6809011;R-HSA-8955869;R-HSA-5689539;R-HSA-6809010;R-HSA-5665871;R-HSA-5690319;R-HSA-6807868;R-HSA-5694410;R-HSA-6807866;R-HSA-5694409;R-HSA-8867288;R-HSA-6807877;R-HSA-8956140;R-HSA-6807875;R-HSA-6807872;R-HSA-5665854;R-HSA-8952289;R-HSA-8865774;R-HSA-5694527;R-HSA-204008;R-HSA-5694522;R-HSA-8867370;R-HSA-5694439;R-HSA-8955706;R-HSA-5694446;R-HSA-901047;R-HSA-8866105;R-HSA-5694441"
R-HSA-162909,"Host Interactions of HIV factors",5,151,0.010580898325275033,0.001096648835269276,0.017546381364308417,4,54,0.0039773145761213815,9606,Homo sapiens,"ARF1;PSMC3;RPN1;SLC25A6","","R-HSA-180603;R-HSA-180905;R-HSA-200879;R-HSA-180573"
R-HSA-199991,"Membrane Trafficking",10,667,0.04673814028449303,0.0020793632258464534,0.033269811613543254,46,219,0.01613022022538116,9606,Homo sapiens,"TPD52;ARF1;TUBA1A;TMED10;YWHAQ;SURF4;TMED2;TUBA4A","","R-HSA-8849350;R-HSA-421831;R-HSA-6811427;R-HSA-5694418;R-HSA-432706;R-HSA-8847875;R-HSA-6811426;R-HSA-203973;R-HSA-5694417;R-HSA-6809006;R-HSA-421836;R-HSA-1445149;R-HSA-6809003;R-HSA-8847883;R-HSA-421835;R-HSA-8849353;R-HSA-432712;R-HSA-421833;R-HSA-8847880;R-HSA-6809011;R-HSA-6809010;R-HSA-2316347;R-HSA-6807868;R-HSA-5694410;R-HSA-6807866;R-HSA-190877;R-HSA-5694409;R-HSA-6807877;R-HSA-6807875;R-HSA-6807872;R-HSA-5694527;R-HSA-204008;R-HSA-5694522;R-HSA-5694439;R-HSA-6811414;R-HSA-6811412;R-HSA-350769;R-HSA-6811411;R-HSA-1454689;R-HSA-6811423;R-HSA-5694446;R-HSA-190520;R-HSA-191737;R-HSA-6811418;R-HSA-6811417;R-HSA-5694441"
R-HSA-162906,"HIV Infection",6,264,0.018499054025646416,0.0023680804474208728,0.03552120671131309,7,160,0.01178463578110039,9606,Homo sapiens,"XRCC6;ARF1;PSMC3;RPN1;SLC25A6","","R-HSA-175174;R-HSA-175258;R-HSA-180603;R-HSA-180905;R-HSA-175177;R-HSA-200879;R-HSA-180573"
R-HSA-381183,"ATF6 (ATF6-alpha) activates chaperone genes",2,15,0.0010510826150935463,0.002762812083297428,0.040904405292472856,1,5,3.682698681593872E-4,9606,Homo sapiens,"XBP1","","R-HSA-1791121"
R-HSA-109581,"Apoptosis",5,192,0.013453857473197394,0.003102872444950444,0.040904405292472856,6,141,0.01038521028209472,9606,Homo sapiens,"PSMC3;YWHAQ;MAGED1;C1QBP;RPN1","","R-HSA-211715;R-HSA-139906;R-HSA-139899;R-HSA-9645694;R-HSA-374699;R-HSA-9645692"
R-HSA-5687613,"Diseases associated with surfactant metabolism",2,16,0.0011211547894331162,0.003133116152774784,0.040904405292472856,3,7,5.155778154231421E-4,9606,Homo sapiens,"PSAP","","R-HSA-5688884;R-HSA-5688899;R-HSA-5687875"
R-HSA-6798695,"Neutrophil degranulation",8,480,0.03363464368299348,0.0031464927148056043,0.040904405292472856,5,10,7.365397363187744E-4,9606,Homo sapiens,"PGRMC1;XRCC6;CYB5R3;PSMC3;PSAP;SURF4;RPN1;DDOST","","R-HSA-6799350;R-HSA-6798739;R-HSA-6800434;R-HSA-6798751;R-HSA-6798748"
R-HSA-381033,"ATF6 (ATF6-alpha) activates chaperones",2,17,0.0011912269637726859,0.0035253529560016483,0.043332247967202475,1,10,7.365397363187744E-4,9606,Homo sapiens,"XBP1","","R-HSA-1791121"
R-HSA-5610787,"Hedgehog 'off' state",4,124,0.00868894961810665,0.003852938392087113,0.043332247967202475,6,32,0.002356927156220078,9606,Homo sapiens,"TUBA1A;PSMC3;RPN1;TUBA4A","","R-HSA-5610757;R-HSA-5610758;R-HSA-5610754;R-HSA-5610733;R-HSA-5610767;R-HSA-5610760"
R-HSA-5362768,"Hh mutants are degraded by ERAD",3,61,0.004274402634713756,0.0038860533603212177,0.043332247967202475,5,6,4.419238417912646E-4,9606,Homo sapiens,"OS9;PSMC3;RPN1","","R-HSA-5387392;R-HSA-5362450;R-HSA-5483238;R-HSA-5387386;R-HSA-5387389"
R-HSA-391160,"Signal regulatory protein family interactions",2,18,0.0012612991381122556,0.0039392952697456796,0.043332247967202475,1,10,7.365397363187744E-4,9606,Homo sapiens,"PSAP","","R-HSA-391155"
R-HSA-5387390,"Hh mutants abrogate ligand secretion",3,64,0.004484619157732465,0.004439410469456617,0.04883351516402279,5,7,5.155778154231421E-4,9606,Homo sapiens,"OS9;PSMC3;RPN1","","R-HSA-5387392;R-HSA-5362450;R-HSA-5483238;R-HSA-5387386;R-HSA-5387389"
R-HSA-5678895,"Defective CFTR causes cystic fibrosis",3,66,0.004624763506411604,0.004833513288600266,0.05309108363050208,4,7,5.155778154231421E-4,9606,Homo sapiens,"OS9;PSMC3;RPN1","","R-HSA-8866854;R-HSA-8866858;R-HSA-8866857;R-HSA-8866856"
R-HSA-5687868,"Defective SFTPA2 causes IPF",1,1,7.007217433956976E-5,0.005102386331780173,0.05309108363050208,1,1,7.365397363187744E-5,9606,Homo sapiens,"PSAP","","R-HSA-5687875"
R-HSA-1483148,"Synthesis of PG",2,21,0.001471515661130965,0.005309108363050208,0.05309108363050208,1,5,3.682698681593872E-4,9606,Homo sapiens,"PLD3","","R-HSA-1483142"
R-HSA-190840,"Microtubule-dependent trafficking of connexons from Golgi to the plasma membrane",2,22,0.0015415878354705346,0.005807634171760001,0.05694079089081017,1,2,1.4730794726375488E-4,9606,Homo sapiens,"TUBA1A;TUBA4A","","R-HSA-190520"
R-HSA-114608,"Platelet degranulation ",4,141,0.009880176581879336,0.006037523783781418,0.05694079089081017,3,11,8.101937099506518E-4,9606,Homo sapiens,"PSAP;TAGLN2;MAGED2;TUBA4A","","R-HSA-482772;R-HSA-481007;R-HSA-351341"
R-HSA-190872,"Transport of connexons to the plasma membrane",2,23,0.0016116600098101043,0.006326754543423352,0.05694079089081017,1,3,2.209619208956323E-4,9606,Homo sapiens,"TUBA1A;TUBA4A","","R-HSA-190520"
R-HSA-76005,"Response to elevated platelet cytosolic Ca2+",4,148,0.010370681802256324,0.007136205288344133,0.0642258475950972,3,14,0.0010311556308462842,9606,Homo sapiens,"PSAP;TAGLN2;MAGED2;TUBA4A","","R-HSA-482772;R-HSA-481007;R-HSA-351341"
R-HSA-168249,"Innate Immune System",14,1334,0.09347628056898606,0.0071803920999667925,0.06462352889970113,17,710,0.05229432127863298,9606,Homo sapiens,"CHGA;PGRMC1;XRCC6;CYB5R3;PSMC3;PSAP;SURF4;RPN1;ATP6V0E2;PLD3;DDOST","","R-HSA-1834939;R-HSA-2029471;R-HSA-1222516;R-HSA-5607731;R-HSA-5432852;R-HSA-3134821;R-HSA-6808566;R-HSA-6799350;R-HSA-879358;R-HSA-6798739;R-HSA-6800434;R-HSA-168951;R-HSA-6798751;R-HSA-5607724;R-HSA-6798748;R-HSA-166041;R-HSA-5432814"
R-HSA-389977,"Post-chaperonin tubulin folding pathway",2,25,0.001751804358489244,0.007425911676506525,0.06683320508855872,6,9,6.628857626868969E-4,9606,Homo sapiens,"TUBA1A;TUBA4A","","R-HSA-389972;R-HSA-389974;R-HSA-389964;R-HSA-389976;R-HSA-389963;R-HSA-389978"
R-HSA-5357801,"Programmed Cell Death",5,238,0.0166771774928176,0.007585102421229339,0.06769576371976438,6,197,0.014509832805479855,9606,Homo sapiens,"PSMC3;YWHAQ;MAGED1;C1QBP;RPN1","","R-HSA-211715;R-HSA-139906;R-HSA-139899;R-HSA-9645694;R-HSA-374699;R-HSA-9645692"
R-HSA-1445148,"Translocation of SLC2A4 (GLUT4) to the plasma membrane",3,81,0.005675846121505151,0.008461970464970547,0.06769576371976438,3,15,0.0011048096044781615,9606,Homo sapiens,"TUBA1A;YWHAQ;TUBA4A","","R-HSA-1454689;R-HSA-2316347;R-HSA-1445149"
R-HSA-77387,"Insulin receptor recycling",2,28,0.001962020881507953,0.009223728482017801,0.07125365209556533,2,6,4.419238417912646E-4,9606,Homo sapiens,"ATP6AP1;ATP6V0E2","","R-HSA-74723;R-HSA-5252133"
R-HSA-5653656,"Vesicle-mediated transport",10,827,0.05794968817882419,0.00930745058810456,0.07125365209556533,46,252,0.018560801355233116,9606,Homo sapiens,"TPD52;ARF1;TUBA1A;TMED10;YWHAQ;SURF4;TMED2;TUBA4A","","R-HSA-8849350;R-HSA-421831;R-HSA-6811427;R-HSA-5694418;R-HSA-432706;R-HSA-8847875;R-HSA-6811426;R-HSA-203973;R-HSA-5694417;R-HSA-6809006;R-HSA-421836;R-HSA-1445149;R-HSA-6809003;R-HSA-8847883;R-HSA-421835;R-HSA-8849353;R-HSA-432712;R-HSA-421833;R-HSA-8847880;R-HSA-6809011;R-HSA-6809010;R-HSA-2316347;R-HSA-6807868;R-HSA-5694410;R-HSA-6807866;R-HSA-190877;R-HSA-5694409;R-HSA-6807877;R-HSA-6807875;R-HSA-6807872;R-HSA-5694527;R-HSA-204008;R-HSA-5694522;R-HSA-5694439;R-HSA-6811414;R-HSA-6811412;R-HSA-350769;R-HSA-6811411;R-HSA-1454689;R-HSA-6811423;R-HSA-5694446;R-HSA-190520;R-HSA-191737;R-HSA-6811418;R-HSA-6811417;R-HSA-5694441"
R-HSA-9020591,"Interleukin-12 signaling",3,84,0.00588606264452386,0.009335561034252926,0.07125365209556533,3,56,0.004124622523385137,9606,Homo sapiens,"ARF1;P4HB","","R-HSA-8950456;R-HSA-8950173;R-HSA-8950113"
R-HSA-389957,"Prefoldin mediated transfer of substrate  to CCT/TriC",2,29,0.002032093055847523,0.009861910963617881,0.07125365209556533,2,2,1.4730794726375488E-4,9606,Homo sapiens,"TUBA1A;TUBA4A","","R-HSA-389970;R-HSA-389980"
R-HSA-9645722,"Defective Intrinsic Pathway for Apoptosis Due to p14ARF Loss of Function",1,2,1.4014434867913952E-4,0.010179093156509333,0.07125365209556533,1,1,7.365397363187744E-5,9606,Homo sapiens,"C1QBP","","R-HSA-9645766"
R-HSA-389960,"Formation of tubulin folding intermediates by CCT/TriC",2,30,0.0021021652301870925,0.010519201198156969,0.07363440838709878,2,2,1.4730794726375488E-4,9606,Homo sapiens,"TUBA1A;TUBA4A","","R-HSA-389954;R-HSA-389961"
R-HSA-1660514,"Synthesis of PIPs at the Golgi membrane",2,32,0.0022423095788662323,0.011890282247261852,0.08323197573083296,2,11,8.101937099506518E-4,9606,Homo sapiens,"ARF1","","R-HSA-1676152;R-HSA-1675883"
R-HSA-1236974,"ER-Phagosome pathway",4,173,0.012122486160745568,0.012117153029906569,0.08456182463296513,4,10,7.365397363187744E-4,9606,Homo sapiens,"PDIA3;SEC61A1;PSMC3;RPN1","","R-HSA-1236947;R-HSA-8863973;R-HSA-1236935;R-HSA-1236971"
R-HSA-83936,"Transport of nucleosides and free purine and pyrimidine bases across the plasma membrane",2,33,0.002312381753205802,0.012603665599413172,0.08456182463296513,1,16,0.001178463578110039,9606,Homo sapiens,"SLC25A6","","R-HSA-163215"
R-HSA-9619483,"Activation of AMPK downstream of NMDARs",2,34,0.0023824539275453718,0.013335341759439512,0.08456182463296513,1,3,2.209619208956323E-4,9606,Homo sapiens,"TUBA1A;TUBA4A","","R-HSA-9619542"
R-HSA-390466,"Chaperonin-mediated protein folding",3,96,0.006726928736598697,0.013344161145155797,0.08456182463296513,5,19,0.0013994254990056714,9606,Homo sapiens,"TUBA1A;GAPDH;TUBA4A","","R-HSA-390470;R-HSA-389970;R-HSA-389954;R-HSA-389980;R-HSA-389961"
R-HSA-447115,"Interleukin-12 family signaling",3,96,0.006726928736598697,0.013344161145155797,0.08456182463296513,4,114,0.008396552994034029,9606,Homo sapiens,"ARF1;P4HB","","R-HSA-8950456;R-HSA-8950173;R-HSA-8950113;R-HSA-8950183"
R-HSA-5689603,"UCH proteinases",3,98,0.0068670730852778365,0.014093637438827522,0.08456182463296513,3,11,8.101937099506518E-4,9606,Homo sapiens,"UCHL1;PSMC3;RPN1","","R-HSA-5665854;R-HSA-5665871;R-HSA-5690319"
R-HSA-5619084,"ABC transporter disorders",3,99,0.006937145259617406,0.014477201275983842,0.08630585497104215,4,22,0.0016203874199013037,9606,Homo sapiens,"OS9;PSMC3;RPN1","","R-HSA-8866854;R-HSA-8866858;R-HSA-8866857;R-HSA-8866856"
R-HSA-5626467,"RHO GTPases activate IQGAPs",2,36,0.002522598276224511,0.014852774419144898,0.08630585497104215,1,5,3.682698681593872E-4,9606,Homo sapiens,"TUBA1A;TUBA4A","","R-HSA-5672329"
R-HSA-5686938,"Regulation of TLR by endogenous ligand",2,36,0.002522598276224511,0.014852774419144898,0.08630585497104215,2,12,8.838476835825292E-4,9606,Homo sapiens,"PSAP","","R-HSA-5432852;R-HSA-5432814"
R-HSA-9694548,"Maturation of spike protein",2,36,0.002522598276224511,0.014852774419144898,0.08630585497104215,1,11,8.101937099506518E-4,9606,Homo sapiens,"RPN1;DDOST","","R-HSA-9694793"
R-HSA-389958,"Cooperation of Prefoldin and TriC/CCT  in actin and tubulin folding",2,37,0.002592670450564081,0.015638135653492036,0.08630585497104215,4,6,4.419238417912646E-4,9606,Homo sapiens,"TUBA1A;TUBA4A","","R-HSA-389970;R-HSA-389954;R-HSA-389980;R-HSA-389961"
R-HSA-5694530,"Cargo concentration in the ER",2,37,0.002592670450564081,0.015638135653492036,0.08630585497104215,2,12,8.838476835825292E-4,9606,Homo sapiens,"TMED10;TMED2","","R-HSA-5694522;R-HSA-5694410"
R-HSA-391251,"Protein folding",3,102,0.007147361782636115,0.01566332992276276,0.08630585497104215,11,28,0.0020623112616925685,9606,Homo sapiens,"TUBA1A;GAPDH;TUBA4A","","R-HSA-389972;R-HSA-389974;R-HSA-390470;R-HSA-389970;R-HSA-389954;R-HSA-389980;R-HSA-389964;R-HSA-389961;R-HSA-389976;R-HSA-389963;R-HSA-389978"
R-HSA-917977,"Transferrin endocytosis and recycling",2,39,0.0027328147992432207,0.01726117099420843,0.08630585497104215,2,11,8.101937099506518E-4,9606,Homo sapiens,"ATP6AP1;ATP6V0E2","","R-HSA-5252133;R-HSA-917841"
R-HSA-9668328,"Sealing of the nuclear envelope (NE) by ESCRT-III",2,39,0.0027328147992432207,0.01726117099420843,0.08630585497104215,1,7,5.155778154231421E-4,9606,Homo sapiens,"TUBA1A;TUBA4A","","R-HSA-9668419"
R-HSA-2467813,"Separation of Sister Chromatids",4,195,0.013664073996216103,0.017997496198187912,0.08998748099093956,3,8,5.892317890550195E-4,9606,Homo sapiens,"TUBA1A;PSMC3;RPN1;TUBA4A","","R-HSA-2467809;R-HSA-2467811;R-HSA-174202"
R-HSA-1236975,"Antigen processing-Cross presentation",4,195,0.013664073996216103,0.017997496198187912,0.08998748099093956,5,23,0.0016940413935331812,9606,Homo sapiens,"PDIA3;SEC61A1;PSMC3;RPN1","","R-HSA-1236947;R-HSA-8863973;R-HSA-1236935;R-HSA-1236970;R-HSA-1236971"
R-HSA-8957275,"Post-translational protein phosphorylation",3,109,0.007637867003013103,0.01863885191033987,0.09319425955169935,1,1,7.365397363187744E-5,9606,Homo sapiens,"P4HB;PDIA6;PRSS23","","R-HSA-8952289"
R-HSA-901042,"Calnexin/calreticulin cycle",2,41,0.00287295914792236,0.01895267152905633,0.09476335764528165,3,13,9.575016572144067E-4,9606,Homo sapiens,"PDIA3;OS9","","R-HSA-548890;R-HSA-901047;R-HSA-8867288"
R-HSA-190861,"Gap junction assembly",2,41,0.00287295914792236,0.01895267152905633,0.09476335764528165,3,16,0.001178463578110039,9606,Homo sapiens,"TUBA1A;TUBA4A","","R-HSA-190520;R-HSA-191737;R-HSA-190877"
R-HSA-168277,"Influenza Virus Induced Apoptosis",1,4,2.8028869735827904E-4,0.020255977480317933,0.09522367650340402,1,2,1.4730794726375488E-4,9606,Homo sapiens,"SLC25A6","","R-HSA-168878"
R-HSA-1799339,"SRP-dependent cotranslational protein targeting to membrane",3,119,0.0083385887464088,0.02339785716469389,0.09522367650340402,2,5,3.682698681593872E-4,9606,Homo sapiens,"SEC61A1;RPN1;DDOST","","R-HSA-1799326;R-HSA-1799329"
R-HSA-69275,"G2/M Transition",4,212,0.014855300959988788,0.023581222691163806,0.09522367650340402,18,78,0.00574500994328644,9606,Homo sapiens,"TUBA1A;PSMC3;RPN1;TUBA4A","","R-HSA-380455;R-HSA-380294;R-HSA-8852354;R-HSA-380303;R-HSA-8853419;R-HSA-8852298;R-HSA-8854071;R-HSA-3000319;R-HSA-380311;R-HSA-380272;R-HSA-8852306;R-HSA-2574845;R-HSA-8853405;R-HSA-3000310;R-HSA-8854044;R-HSA-380283;R-HSA-2574840;R-HSA-8852280"
R-HSA-453274,"Mitotic G2-G2/M phases",4,214,0.014995445308667928,0.024299981409705795,0.09522367650340402,18,80,0.005892317890550195,9606,Homo sapiens,"TUBA1A;PSMC3;RPN1;TUBA4A","","R-HSA-380455;R-HSA-380294;R-HSA-8852354;R-HSA-380303;R-HSA-8853419;R-HSA-8852298;R-HSA-8854071;R-HSA-3000319;R-HSA-380311;R-HSA-380272;R-HSA-8852306;R-HSA-2574845;R-HSA-8853405;R-HSA-3000310;R-HSA-8854044;R-HSA-380283;R-HSA-2574840;R-HSA-8852280"
R-HSA-9646399,"Aggrephagy",2,47,0.0032933921939597784,0.024422861025793052,0.09522367650340402,4,15,0.0011048096044781615,9606,Homo sapiens,"TUBA1A;TUBA4A","","R-HSA-9646679;R-HSA-9646390;R-HSA-9646383;R-HSA-9646685"
R-HSA-176033,"Interactions of Vpr with host cellular proteins",2,47,0.0032933921939597784,0.024422861025793052,0.09522367650340402,1,4,2.9461589452750976E-4,9606,Homo sapiens,"SLC25A6","","R-HSA-180905"
R-HSA-382556,"ABC-family proteins mediated transport",3,122,0.008548805269427511,0.02494251405274428,0.09522367650340402,4,27,0.0019886572880606908,9606,Homo sapiens,"OS9;PSMC3;RPN1","","R-HSA-8866551;R-HSA-8866546;R-HSA-8866542;R-HSA-8866553"
R-HSA-168256,"Immune System",21,2684,0.18807371592740524,0.025520660048255928,0.09522367650340402,39,1623,0.11954039920453709,9606,Homo sapiens,"CHGA;PDIA3;ARF1;XRCC6;RPN1;SURF4;TUBA4A;PLD3;DDOST;SEC61A1;PGRMC1;CYB5R3;TUBA1A;PSMC3;PSAP;P4HB;ATP6V0E2","","R-HSA-1236947;R-HSA-2029471;R-HSA-8951498;R-HSA-8951499;R-HSA-5432852;R-HSA-3134821;R-HSA-6808566;R-HSA-1168640;R-HSA-6799350;R-HSA-6800434;R-HSA-1236935;R-HSA-8950173;R-HSA-5668481;R-HSA-166041;R-HSA-2130619;R-HSA-1834939;R-HSA-2213248;R-HSA-983150;R-HSA-8863973;R-HSA-983148;R-HSA-983146;R-HSA-1222516;R-HSA-5607731;R-HSA-209061;R-HSA-8950113;R-HSA-983142;R-HSA-8950183;R-HSA-8950456;R-HSA-879358;R-HSA-6798739;R-HSA-168951;R-HSA-983161;R-HSA-1236970;R-HSA-6798751;R-HSA-5607724;R-HSA-1236971;R-HSA-6798748;R-HSA-5432814;R-HSA-5668520"
R-HSA-9609736,"Assembly and cell surface presentation of NMDA receptors",2,49,0.0034335365426389182,0.0263732335801814,0.09522367650340402,2,23,0.0016940413935331812,9606,Homo sapiens,"TUBA1A;TUBA4A","","R-HSA-9610627;R-HSA-9610408"
R-HSA-211733,"Regulation of activated PAK-2p34 by proteasome mediated degradation",2,50,0.003503608716978488,0.02737141504604801,0.09522367650340402,1,2,1.4730794726375488E-4,9606,Homo sapiens,"PSMC3;RPN1","","R-HSA-211715"
R-HSA-381426,"Regulation of Insulin-like Growth Factor (IGF) transport and uptake by Insulin-like Growth Factor Binding Proteins (IGFBPs)",3,127,0.00889916614112536,0.027636829331387114,0.09522367650340402,1,14,0.0010311556308462842,9606,Homo sapiens,"P4HB;PDIA6;PRSS23","","R-HSA-8952289"
R-HSA-350562,"Regulation of ornithine decarboxylase (ODC)",2,51,0.0035736808913180576,0.028384690418091996,0.09522367650340402,1,4,2.9461589452750976E-4,9606,Homo sapiens,"PSMC3;RPN1","","R-HSA-353125"
R-HSA-190828,"Gap junction trafficking",2,52,0.0036437530656576273,0.02941288423773103,0.09522367650340402,3,20,0.0014730794726375489,9606,Homo sapiens,"TUBA1A;TUBA4A","","R-HSA-190520;R-HSA-191737;R-HSA-190877"
R-HSA-180534,"Vpu mediated degradation of CD4",2,53,0.003713825239997197,0.03045582240046607,0.09522367650340402,1,5,3.682698681593872E-4,9606,Homo sapiens,"PSMC3;RPN1","","R-HSA-180573"
R-HSA-1236978,"Cross-presentation of soluble exogenous antigens (endosomes)",2,53,0.003713825239997197,0.03045582240046607,0.09522367650340402,1,6,4.419238417912646E-4,9606,Homo sapiens,"PSMC3;RPN1","","R-HSA-1236970"
R-HSA-69601,"Ubiquitin Mediated Degradation of Phosphorylated Cdc25A",2,54,0.0037838974143367668,0.031513332146953954,0.09522367650340402,1,4,2.9461589452750976E-4,9606,Homo sapiens,"PSMC3;RPN1","","R-HSA-69600"
R-HSA-69613,"p53-Independent G1/S DNA damage checkpoint",2,54,0.0037838974143367668,0.031513332146953954,0.09522367650340402,1,4,2.9461589452750976E-4,9606,Homo sapiens,"PSMC3;RPN1","","R-HSA-69600"
R-HSA-69610,"p53-Independent DNA Damage Response",2,54,0.0037838974143367668,0.031513332146953954,0.09522367650340402,1,4,2.9461589452750976E-4,9606,Homo sapiens,"PSMC3;RPN1","","R-HSA-69600"
R-HSA-75815,"Ubiquitin-dependent degradation of Cyclin D",2,54,0.0037838974143367668,0.031513332146953954,0.09522367650340402,1,5,3.682698681593872E-4,9606,Homo sapiens,"PSMC3;RPN1","","R-HSA-75825"
R-HSA-169911,"Regulation of Apoptosis",2,54,0.0037838974143367668,0.031513332146953954,0.09522367650340402,1,5,3.682698681593872E-4,9606,Homo sapiens,"PSMC3;RPN1","","R-HSA-211715"
R-HSA-349425,"Autodegradation of the E3 ubiquitin ligase COP1",2,54,0.0037838974143367668,0.031513332146953954,0.09522367650340402,1,5,3.682698681593872E-4,9606,Homo sapiens,"PSMC3;RPN1","","R-HSA-264458"
R-HSA-8955332,"Carboxyterminal post-translational modifications of tubulin",2,55,0.0038539695886763365,0.03258524205411728,0.09522367650340402,6,6,4.419238417912646E-4,9606,Homo sapiens,"TUBA1A;TUBA4A","","R-HSA-8955706;R-HSA-8955869;R-HSA-8955712;R-HSA-8865774;R-HSA-8867370;R-HSA-8866105"
R-HSA-8854050,"FBXL7 down-regulates AURKA during mitotic entry and in early mitosis",2,55,0.0038539695886763365,0.03258524205411728,0.09522367650340402,2,6,4.419238417912646E-4,9606,Homo sapiens,"PSMC3;RPN1","","R-HSA-8854071;R-HSA-8854044"
R-HSA-174113,"SCF-beta-TrCP mediated degradation of Emi1",2,55,0.0038539695886763365,0.03258524205411728,0.09522367650340402,1,3,2.209619208956323E-4,9606,Homo sapiens,"PSMC3;RPN1","","R-HSA-174203"
R-HSA-437239,"Recycling pathway of L1",2,55,0.0038539695886763365,0.03258524205411728,0.09522367650340402,2,14,0.0010311556308462842,9606,Homo sapiens,"TUBA1A;TUBA4A","","R-HSA-445077;R-HSA-445071"
R-HSA-5620924,"Intraflagellar transport",2,56,0.003924041763015906,0.03367138202630826,0.09522367650340402,6,12,8.838476835825292E-4,9606,Homo sapiens,"TUBA1A;TUBA4A","","R-HSA-5624949;R-HSA-5625424;R-HSA-5625426;R-HSA-5625421;R-HSA-5624952;R-HSA-5625416"
R-HSA-450408,"AUF1 (hnRNP D0) binds and destabilizes mRNA",2,56,0.003924041763015906,0.03367138202630826,0.09522367650340402,1,4,2.9461589452750976E-4,9606,Homo sapiens,"PSMC3;RPN1","","R-HSA-450466"
R-HSA-180585,"Vif-mediated degradation of APOBEC3G",2,56,0.003924041763015906,0.03367138202630826,0.09522367650340402,1,4,2.9461589452750976E-4,9606,Homo sapiens,"PSMC3;RPN1","","R-HSA-180603"
R-HSA-157858,"Gap junction trafficking and regulation",2,56,0.003924041763015906,0.03367138202630826,0.09522367650340402,3,24,0.0017676953671650585,9606,Homo sapiens,"TUBA1A;TUBA4A","","R-HSA-190520;R-HSA-191737;R-HSA-190877"
R-HSA-4641258,"Degradation of DVL",2,57,0.003994113937355476,0.03477158328654262,0.09522367650340402,2,7,5.155778154231421E-4,9606,Homo sapiens,"PSMC3;RPN1","","R-HSA-1504193;R-HSA-4641260"
R-HSA-4641257,"Degradation of AXIN",2,57,0.003994113937355476,0.03477158328654262,0.09522367650340402,2,8,5.892317890550195E-4,9606,Homo sapiens,"PSMC3;RPN1","","R-HSA-3640874;R-HSA-4641256"
R-HSA-532668,"N-glycan trimming in the ER and Calnexin/Calreticulin cycle",2,57,0.003994113937355476,0.03477158328654262,0.09522367650340402,3,18,0.0013257715253737938,9606,Homo sapiens,"PDIA3;OS9","","R-HSA-548890;R-HSA-901047;R-HSA-8867288"
R-HSA-9604323,"Negative regulation of NOTCH4 signaling",2,57,0.003994113937355476,0.03477158328654262,0.09522367650340402,1,6,4.419238417912646E-4,9606,Homo sapiens,"PSMC3;RPN1","","R-HSA-9604642"
R-HSA-8941858,"Regulation of RUNX3 expression and activity",2,57,0.003994113937355476,0.03477158328654262,0.09522367650340402,1,9,6.628857626868969E-4,9606,Homo sapiens,"PSMC3;RPN1","","R-HSA-8952408"
R-HSA-68827,"CDT1 association with the CDC6:ORC:origin complex",2,59,0.004134258286034615,0.037013501104172564,0.09522367650340402,1,3,2.209619208956323E-4,9606,Homo sapiens,"PSMC3;RPN1","","R-HSA-68825"
R-HSA-69541,"Stabilization of p53",2,59,0.004134258286034615,0.037013501104172564,0.09522367650340402,1,15,0.0011048096044781615,9606,Homo sapiens,"PSMC3;RPN1","","R-HSA-264458"
R-HSA-8932339,"ROS sensing by NFE2L2",2,60,0.004204330460374185,0.03815488662261812,0.09522367650340402,1,8,5.892317890550195E-4,9606,Homo sapiens,"PSMC3;RPN1","","R-HSA-8932355"
R-HSA-68882,"Mitotic Anaphase",4,249,0.01744797141055287,0.03905226530754646,0.09522367650340402,4,32,0.002356927156220078,9606,Homo sapiens,"TUBA1A;PSMC3;RPN1;TUBA4A","","R-HSA-9668419;R-HSA-2467809;R-HSA-2467811;R-HSA-174202"
R-HSA-432722,"Golgi Associated Vesicle Biogenesis",2,61,0.004274402634713756,0.03930967133402019,0.09522367650340402,4,7,5.155778154231421E-4,9606,Homo sapiens,"TPD52;ARF1","","R-HSA-421831;R-HSA-421836;R-HSA-421835;R-HSA-421833"
R-HSA-5676590,"NIK-->noncanonical NF-kB signaling",2,61,0.004274402634713756,0.03930967133402019,0.09522367650340402,1,9,6.628857626868969E-4,9606,Homo sapiens,"PSMC3;RPN1","","R-HSA-5607731"
R-HSA-2555396,"Mitotic Metaphase and Anaphase",4,250,0.01751804358489244,0.03953501210026322,0.09522367650340402,4,33,0.0024305811298519554,9606,Homo sapiens,"TUBA1A;PSMC3;RPN1;TUBA4A","","R-HSA-9668419;R-HSA-2467809;R-HSA-2467811;R-HSA-174202"
R-HSA-5610780,"Degradation of GLI1 by the proteasome",2,62,0.004344474809053325,0.04047769292485215,0.09522367650340402,2,6,4.419238417912646E-4,9606,Homo sapiens,"PSMC3;RPN1","","R-HSA-5610758;R-HSA-5610760"
R-HSA-5610785,"GLI3 is processed to GLI3R by the proteasome",2,62,0.004344474809053325,0.04047769292485215,0.09522367650340402,1,5,3.682698681593872E-4,9606,Homo sapiens,"PSMC3;RPN1","","R-HSA-5610754"
R-HSA-5610783,"Degradation of GLI2 by the proteasome",2,62,0.004344474809053325,0.04047769292485215,0.09522367650340402,1,5,3.682698681593872E-4,9606,Homo sapiens,"PSMC3;RPN1","","R-HSA-5610757"
R-HSA-187577,"SCF(Skp2)-mediated degradation of p27/p21",2,62,0.004344474809053325,0.04047769292485215,0.09522367650340402,1,7,5.155778154231421E-4,9606,Homo sapiens,"PSMC3;RPN1","","R-HSA-187574"
R-HSA-2132295,"MHC class II antigen presentation",3,149,0.010440753976595893,0.04125669150283684,0.09522367650340402,3,26,0.0019150033144288135,9606,Homo sapiens,"ARF1;TUBA1A;TUBA4A","","R-HSA-2213248;R-HSA-8951498;R-HSA-2130619"
R-HSA-6811436,"COPI-independent Golgi-to-ER retrograde traffic",2,63,0.004414546983392895,0.04165879034868902,0.09522367650340402,2,7,5.155778154231421E-4,9606,Homo sapiens,"TUBA1A;TUBA4A","","R-HSA-8849350;R-HSA-8849353"
R-HSA-174084,"Autodegradation of Cdh1 by Cdh1:APC/C",2,64,0.004484619157732465,0.04285280381778067,0.09522367650340402,1,2,1.4730794726375488E-4,9606,Homo sapiens,"PSMC3;RPN1","","R-HSA-174058"
R-HSA-109606,"Intrinsic Pathway for Apoptosis",2,64,0.004484619157732465,0.04285280381778067,0.09522367650340402,4,62,0.004566546365176402,9606,Homo sapiens,"YWHAQ;C1QBP","","R-HSA-139906;R-HSA-139899;R-HSA-9645694;R-HSA-9645692"
R-HSA-69481,"G2/M Checkpoints",3,154,0.010791114848293742,0.04474689491505235,0.09522367650340402,2,24,0.0017676953671650585,9606,Homo sapiens,"PSMC3;YWHAQ;RPN1","","R-HSA-8852354;R-HSA-75016"
R-HSA-8866423,"VLDL assembly",1,9,6.306495690561278E-4,0.045007642724570696,0.09522367650340402,1,5,3.682698681593872E-4,9606,Homo sapiens,"P4HB","","R-HSA-8866329"
R-HSA-4608870,"Asymmetric localization of PCP proteins",2,66,0.004624763506411604,0.04527894598404225,0.09522367650340402,1,7,5.155778154231421E-4,9606,Homo sapiens,"PSMC3;RPN1","","R-HSA-4608855"
R-HSA-5607761,"Dectin-1 mediated noncanonical NF-kB signaling",2,66,0.004624763506411604,0.04527894598404225,0.09522367650340402,1,9,6.628857626868969E-4,9606,Homo sapiens,"PSMC3;RPN1","","R-HSA-5607731"
R-HSA-70263,"Gluconeogenesis",2,66,0.004624763506411604,0.04527894598404225,0.09522367650340402,1,26,0.0019150033144288135,9606,Homo sapiens,"GAPDH","","R-HSA-70482"
R-HSA-174154,"APC/C:Cdc20 mediated degradation of Securin",2,68,0.0047649078550907435,0.0477548659788396,0.09522367650340402,1,3,2.209619208956323E-4,9606,Homo sapiens,"PSMC3;RPN1","","R-HSA-174202"
R-HSA-983189,"Kinesins",2,68,0.0047649078550907435,0.0477548659788396,0.09522367650340402,2,14,0.0010311556308462842,9606,Homo sapiens,"TUBA1A;TUBA4A","","R-HSA-983259;R-HSA-983266"
R-HSA-1268020,"Mitochondrial protein import",2,69,0.004834980029430313,0.04901110632942518,0.09522367650340402,3,14,0.0010311556308462842,9606,Homo sapiens,"ATP5F1A;SLC25A6","","R-HSA-1268022;R-HSA-1955380;R-HSA-1299481"
R-HSA-8964041,"LDL remodeling",1,10,7.007217433956976E-4,0.04988344985031212,0.09522367650340402,1,3,2.209619208956323E-4,9606,Homo sapiens,"P4HB","","R-HSA-9737780"
R-HSA-167590,"Nef Mediated CD4 Down-regulation",1,10,7.007217433956976E-4,0.04988344985031212,0.09522367650340402,1,5,3.682698681593872E-4,9606,Homo sapiens,"ARF1","","R-HSA-200879"
R-HSA-69580,"p53-Dependent G1/S DNA damage checkpoint",2,70,0.004905052203769883,0.05027932996641171,0.09522367650340402,1,22,0.0016203874199013037,9606,Homo sapiens,"PSMC3;RPN1","","R-HSA-264458"
R-HSA-69563,"p53-Dependent G1 DNA Damage Response",2,70,0.004905052203769883,0.05027932996641171,0.09522367650340402,1,22,0.0016203874199013037,9606,Homo sapiens,"PSMC3;RPN1","","R-HSA-264458"
R-HSA-380284,"Loss of proteins required for interphase microtubule organization from the centrosome",2,71,0.004975124378109453,0.051559385681525516,0.09522367650340402,3,3,2.209619208956323E-4,9606,Homo sapiens,"TUBA1A;TUBA4A","","R-HSA-380294;R-HSA-380272;R-HSA-380303"
R-HSA-380259,"Loss of Nlp from mitotic centrosomes",2,71,0.004975124378109453,0.051559385681525516,0.09522367650340402,2,2,1.4730794726375488E-4,9606,Homo sapiens,"TUBA1A;TUBA4A","","R-HSA-380272;R-HSA-380303"
R-HSA-5658442,"Regulation of RAS by GAPs",2,71,0.004975124378109453,0.051559385681525516,0.09522367650340402,1,5,3.682698681593872E-4,9606,Homo sapiens,"PSMC3;RPN1","","R-HSA-5658430"
R-HSA-1169091,"Activation of NF-kappaB in B cells",2,72,0.005045196552449022,0.05285112345969645,0.09522367650340402,1,10,7.365397363187744E-4,9606,Homo sapiens,"PSMC3;RPN1","","R-HSA-1168640"
R-HSA-1234176,"Oxygen-dependent proline hydroxylation of Hypoxia-inducible Factor Alpha",2,72,0.005045196552449022,0.05285112345969645,0.09522367650340402,1,12,8.838476835825292E-4,9606,Homo sapiens,"PSMC3;RPN1","","R-HSA-1234159"
R-HSA-69615,"G1/S DNA Damage Checkpoints",2,72,0.005045196552449022,0.05285112345969645,0.09522367650340402,2,26,0.0019150033144288135,9606,Homo sapiens,"PSMC3;RPN1","","R-HSA-69600;R-HSA-264458"
R-HSA-3371497,"HSP90 chaperone cycle for steroid hormone receptors (SHR) in the presence of ligand",2,72,0.005045196552449022,0.05285112345969645,0.09522367650340402,1,16,0.001178463578110039,9606,Homo sapiens,"TUBA1A;TUBA4A","","R-HSA-5618080"
R-HSA-174184,"Cdc20:Phospho-APC/C mediated degradation of Cyclin A",2,73,0.005115268726788592,0.05415439447107817,0.09522367650340402,1,3,2.209619208956323E-4,9606,Homo sapiens,"PSMC3;RPN1","","R-HSA-174255"
R-HSA-68949,"Orc1 removal from chromatin",2,73,0.005115268726788592,0.05415439447107817,0.09522367650340402,1,4,2.9461589452750976E-4,9606,Homo sapiens,"PSMC3;RPN1","","R-HSA-68948"
R-HSA-8950505,"Gene and protein expression by JAK-STAT signaling after Interleukin-12 stimulation",2,73,0.005115268726788592,0.05415439447107817,0.09522367650340402,1,36,0.0026515430507475877,9606,Homo sapiens,"ARF1","","R-HSA-8950173"
R-HSA-9694635,"Translation of Structural Proteins",2,73,0.005115268726788592,0.05415439447107817,0.09522367650340402,1,43,0.00316712086617073,9606,Homo sapiens,"RPN1;DDOST","","R-HSA-9694793"
R-HSA-163680,"AMPK inhibits chREBP transcriptional activation activity",1,11,7.707939177352673E-4,0.05473470235904987,0.09522367650340402,2,4,2.9461589452750976E-4,9606,Homo sapiens,"ADIPOR1","","R-HSA-8848663;R-HSA-163691"
R-HSA-9020933,"Interleukin-23 signaling",1,11,7.707939177352673E-4,0.05473470235904987,0.09522367650340402,1,12,8.838476835825292E-4,9606,Homo sapiens,"P4HB","","R-HSA-8950183"
R-HSA-8854518,"AURKA Activation by TPX2",2,74,0.005185340901128162,0.05546905106314948,0.09522367650340402,2,2,1.4730794726375488E-4,9606,Homo sapiens,"TUBA1A;TUBA4A","","R-HSA-8853405;R-HSA-8853419"
R-HSA-174178,"APC/C:Cdh1 mediated degradation of Cdc20 and other APC/C:Cdh1 targeted proteins in late mitosis/early G1",2,74,0.005185340901128162,0.05546905106314948,0.09522367650340402,2,6,4.419238417912646E-4,9606,Homo sapiens,"PSMC3;RPN1","","R-HSA-174105;R-HSA-188191"
R-HSA-179419,"APC:Cdc20 mediated degradation of cell cycle proteins prior to satisfation of the cell cycle checkpoint",2,74,0.005185340901128162,0.05546905106314948,0.09522367650340402,1,6,4.419238417912646E-4,9606,Homo sapiens,"PSMC3;RPN1","","R-HSA-174255"
R-HSA-8948751,"Regulation of PTEN stability and activity",2,74,0.005185340901128162,0.05546905106314948,0.09522367650340402,1,13,9.575016572144067E-4,9606,Homo sapiens,"PSMC3;RPN1","","R-HSA-8850992"
R-HSA-382551,"Transport of small molecules",9,961,0.06733935954032653,0.056120315523484066,0.09522367650340402,12,443,0.03262871031892171,9606,Homo sapiens,"ATP6AP1;OS9;PSMC3;SLC7A8;RPN1;P4HB;ATP6V0E2;SLC25A6","","R-HSA-9737780;R-HSA-174786;R-HSA-8866551;R-HSA-5252133;R-HSA-8866546;R-HSA-174741;R-HSA-8866542;R-HSA-352191;R-HSA-163215;R-HSA-8866329;R-HSA-8866553;R-HSA-917841"
R-HSA-69017,"CDK-mediated phosphorylation and removal of Cdc6",2,75,0.0052554130754677315,0.05679494675283048,0.09522367650340402,1,4,2.9461589452750976E-4,9606,Homo sapiens,"PSMC3;RPN1","","R-HSA-69016"
R-HSA-9707587,"Regulation of HMOX1 expression and activity",2,75,0.0052554130754677315,0.05679494675283048,0.09522367650340402,1,19,0.0013994254990056714,9606,Homo sapiens,"PSMC3;RPN1","","R-HSA-8932355"
R-HSA-176409,"APC/C:Cdc20 mediated degradation of mitotic proteins",2,76,0.005325485249807301,0.05813193621867896,0.09522367650340402,2,13,9.575016572144067E-4,9606,Homo sapiens,"PSMC3;RPN1","","R-HSA-174202;R-HSA-174255"
R-HSA-204005,"COPII-mediated vesicle transport",2,77,0.005395557424146871,0.05947987529311216,0.09522367650340402,10,16,0.001178463578110039,9606,Homo sapiens,"TMED10;TMED2","","R-HSA-5694439;R-HSA-5694418;R-HSA-203973;R-HSA-5694417;R-HSA-5694446;R-HSA-5694527;R-HSA-204008;R-HSA-5694522;R-HSA-5694441;R-HSA-5694409"
R-HSA-176814,"Activation of APC/C and APC/C:Cdc20 mediated degradation of mitotic proteins",2,77,0.005395557424146871,0.05947987529311216,0.09522367650340402,2,15,0.0011048096044781615,9606,Homo sapiens,"PSMC3;RPN1","","R-HSA-174202;R-HSA-174255"
R-HSA-418889,"Caspase activation via Dependence Receptors in the absence of ligand",1,12,8.408660920748371E-4,0.059561522199176986,0.09522367650340402,1,8,5.892317890550195E-4,9606,Homo sapiens,"MAGED1","","R-HSA-374699"
R-HSA-76002,"Platelet activation, signaling and aggregation",4,293,0.02053114708149394,0.06352953076185275,0.09522367650340402,3,116,0.008543860941297783,9606,Homo sapiens,"PSAP;TAGLN2;MAGED2;TUBA4A","","R-HSA-482772;R-HSA-481007;R-HSA-351341"
R-HSA-199992,"trans-Golgi Network Vesicle Budding",2,80,0.005605773947165581,0.06358796563807267,0.09522367650340402,7,19,0.0013994254990056714,9606,Homo sapiens,"TPD52;ARF1","","R-HSA-421831;R-HSA-432706;R-HSA-350769;R-HSA-421836;R-HSA-421835;R-HSA-432712;R-HSA-421833"
R-HSA-351202,"Metabolism of polyamines",2,80,0.005605773947165581,0.06358796563807267,0.09522367650340402,1,17,0.0012521175517419166,9606,Homo sapiens,"PSMC3;RPN1","","R-HSA-353125"
R-HSA-164843,"2-LTR circle formation",1,13,9.109382664144068E-4,0.06436403072192853,0.09522367650340402,3,3,2.209619208956323E-4,9606,Homo sapiens,"XRCC6","","R-HSA-175174;R-HSA-175258;R-HSA-175177"
R-HSA-380270,"Recruitment of mitotic centrosome proteins and complexes",2,81,0.005675846121505151,0.0649782842788259,0.09522367650340402,3,3,2.209619208956323E-4,9606,Homo sapiens,"TUBA1A;TUBA4A","","R-HSA-380311;R-HSA-380455;R-HSA-380283"
R-HSA-380287,"Centrosome maturation",2,83,0.00581599047018429,0.06778952158490048,0.09522367650340402,6,6,4.419238417912646E-4,9606,Homo sapiens,"TUBA1A;TUBA4A","","R-HSA-380311;R-HSA-380455;R-HSA-380294;R-HSA-380272;R-HSA-380303;R-HSA-380283"
R-HSA-8939902,"Regulation of RUNX2 expression and activity",2,83,0.00581599047018429,0.06778952158490048,0.09522367650340402,4,32,0.002356927156220078,9606,Homo sapiens,"PSMC3;RPN1","","R-HSA-8939801;R-HSA-9008475;R-HSA-9008110;R-HSA-9009362"
R-HSA-176408,"Regulation of APC/C activators between G1/S and early anaphase",2,83,0.00581599047018429,0.06778952158490048,0.09522367650340402,1,14,0.0010311556308462842,9606,Homo sapiens,"PSMC3;RPN1","","R-HSA-174203"
R-HSA-917937,"Iron uptake and transport",2,83,0.00581599047018429,0.06778952158490048,0.09522367650340402,2,34,0.002504235103483833,9606,Homo sapiens,"ATP6AP1;ATP6V0E2","","R-HSA-5252133;R-HSA-917841"
R-HSA-8963888,"Chylomicron assembly",1,14,9.810104407539765E-4,0.06914234868424174,0.09522367650340402,2,5,3.682698681593872E-4,9606,Homo sapiens,"P4HB","","R-HSA-174786;R-HSA-174741"
R-HSA-9614399,"Regulation of localization of FOXO transcription factors",1,14,9.810104407539765E-4,0.06914234868424174,0.09522367650340402,2,5,3.682698681593872E-4,9606,Homo sapiens,"YWHAQ","","R-HSA-9614562;R-HSA-9614423"
R-HSA-1234174,"Cellular response to hypoxia",2,86,0.006026206993202999,0.07208083299775847,0.09522367650340402,1,20,0.0014730794726375489,9606,Homo sapiens,"PSMC3;RPN1","","R-HSA-1234159"
R-HSA-162592,"Integration of provirus",1,15,0.0010510826150935463,0.07389659625167799,0.09522367650340402,3,14,0.0010311556308462842,9606,Homo sapiens,"XRCC6","","R-HSA-175174;R-HSA-175258;R-HSA-175177"
R-HSA-75035,"Chk1/Chk2(Cds1) mediated inactivation of Cyclin B:Cdk1 complex",1,15,0.0010510826150935463,0.07389659625167799,0.09522367650340402,1,5,3.682698681593872E-4,9606,Homo sapiens,"YWHAQ","","R-HSA-75016"
R-HSA-69202,"Cyclin E associated events during G1/S transition ",2,88,0.0061663513418821385,0.07498977940126073,0.09522367650340402,1,20,0.0014730794726375489,9606,Homo sapiens,"PSMC3;RPN1","","R-HSA-187574"
R-HSA-2995410,"Nuclear Envelope (NE) Reassembly",2,88,0.0061663513418821385,0.07498977940126073,0.09522367650340402,1,24,0.0017676953671650585,9606,Homo sapiens,"TUBA1A;TUBA4A","","R-HSA-9668419"
R-HSA-9663891,"Selective autophagy",2,89,0.006236423516221708,0.07645827830875684,0.09522367650340402,4,48,0.003535390734330117,9606,Homo sapiens,"TUBA1A;TUBA4A","","R-HSA-9646679;R-HSA-9646390;R-HSA-9646383;R-HSA-9646685"
R-HSA-69656,"Cyclin A:Cdk2-associated events at S phase entry",2,90,0.006306495690561278,0.07793595419650956,0.09522367650340402,1,19,0.0013994254990056714,9606,Homo sapiens,"PSMC3;RPN1","","R-HSA-187574"
R-HSA-1483257,"Phospholipid metabolism",4,315,0.022072734916964473,0.07821114555878039,0.09522367650340402,4,218,0.016056566251749282,9606,Homo sapiens,"ARF1;PLD3","","R-HSA-1483142;R-HSA-1676152;R-HSA-1675883;R-HSA-8870499"
R-HSA-879415,"Advanced glycosylation endproduct receptor signaling",1,16,0.0011211547894331162,0.0786268930012175,0.09522367650340402,1,4,2.9461589452750976E-4,9606,Homo sapiens,"DDOST","","R-HSA-879358"
R-HSA-1168372,"Downstream signaling events of B Cell Receptor (BCR)",2,91,0.006376567864900848,0.07942267826100491,0.09522367650340402,1,15,0.0011048096044781615,9606,Homo sapiens,"PSMC3;RPN1","","R-HSA-1168640"
R-HSA-195253,"Degradation of beta-catenin by the destruction complex",2,91,0.006376567864900848,0.07942267826100491,0.09522367650340402,1,23,0.0016940413935331812,9606,Homo sapiens,"PSMC3;RPN1","","R-HSA-2130282"
R-HSA-2565942,"Regulation of PLK1 Activity at G2/M Transition",2,92,0.006446640039240417,0.08091832274156152,0.09522367650340402,4,12,8.838476835825292E-4,9606,Homo sapiens,"TUBA1A;TUBA4A","","R-HSA-3000319;R-HSA-2574845;R-HSA-3000310;R-HSA-2574840"
R-HSA-453276,"Regulation of mitotic cell cycle",2,92,0.006446640039240417,0.08091832274156152,0.09522367650340402,6,40,0.0029461589452750977,9606,Homo sapiens,"PSMC3;RPN1","","R-HSA-174058;R-HSA-174202;R-HSA-174203;R-HSA-174105;R-HSA-188191;R-HSA-174255"
R-HSA-174143,"APC/C-mediated degradation of cell cycle proteins",2,92,0.006446640039240417,0.08091832274156152,0.09522367650340402,6,40,0.0029461589452750977,9606,Homo sapiens,"PSMC3;RPN1","","R-HSA-174058;R-HSA-174202;R-HSA-174203;R-HSA-174105;R-HSA-188191;R-HSA-174255"
R-HSA-5632684,"Hedgehog 'on' state",2,92,0.006446640039240417,0.08091832274156152,0.09522367650340402,2,37,0.0027251970243794654,9606,Homo sapiens,"PSMC3;RPN1","","R-HSA-5635868;R-HSA-5635854"
R-HSA-9013694,"Signaling by NOTCH4",2,92,0.006446640039240417,0.08091832274156152,0.09522367650340402,1,20,0.0014730794726375489,9606,Homo sapiens,"PSMC3;RPN1","","R-HSA-9604642"
R-HSA-69052,"Switching of origins to a post-replicative state",2,93,0.006516712213579987,0.08242276091326606,0.09522367650340402,2,9,6.628857626868969E-4,9606,Homo sapiens,"PSMC3;RPN1","","R-HSA-68948;R-HSA-69016"
R-HSA-450531,"Regulation of mRNA stability by proteins that bind AU-rich elements",2,93,0.006516712213579987,0.08242276091326606,0.09522367650340402,1,26,0.0019150033144288135,9606,Homo sapiens,"PSMC3;RPN1","","R-HSA-450466"
R-HSA-5663205,"Infectious disease",11,1357,0.09508794057879616,0.08382719832818475,0.09522367650340402,13,752,0.055387788171171834,9606,Homo sapiens,"XRCC6;ARF1;TUBA1A;HNRNPK;PSMC3;RPN1;TUBA4A;DDOST;SLC25A6","","R-HSA-175174;R-HSA-180905;R-HSA-175177;R-HSA-168878;R-HSA-200879;R-HSA-9614367;R-HSA-9624033;R-HSA-9614343;R-HSA-175258;R-HSA-180603;R-HSA-9694793;R-HSA-9698926;R-HSA-180573"
R-HSA-438064,"Post NMDA receptor activation events",2,96,0.006726928736598697,0.08698758571612475,0.09522367650340402,1,39,0.00287250497164322,9606,Homo sapiens,"TUBA1A;TUBA4A","","R-HSA-9619542"
R-HSA-380320,"Recruitment of NuMA to mitotic centrosomes",2,97,0.006797000910938267,0.08852595187472756,0.09522367650340402,2,2,1.4730794726375488E-4,9606,Homo sapiens,"TUBA1A;TUBA4A","","R-HSA-380316;R-HSA-380508"
R-HSA-74752,"Signaling by Insulin receptor",2,97,0.006797000910938267,0.08852595187472756,0.09522367650340402,2,34,0.002504235103483833,9606,Homo sapiens,"ATP6AP1;ATP6V0E2","","R-HSA-74723;R-HSA-5252133"
R-HSA-5620912,"Anchoring of the basal body to the plasma membrane",2,99,0.006937145259617406,0.09162708961523724,0.09522367650340402,8,9,6.628857626868969E-4,9606,Homo sapiens,"TUBA1A;TUBA4A","","R-HSA-5626228;R-HSA-5626227;R-HSA-5626220;R-HSA-5626223;R-HSA-5626681;R-HSA-5617816;R-HSA-5626699;R-HSA-5638009"
R-HSA-4086400,"PCP/CE pathway",2,99,0.006937145259617406,0.09162708961523724,0.09522367650340402,1,24,0.0017676953671650585,9606,Homo sapiens,"PSMC3;RPN1","","R-HSA-4608855"
R-HSA-111447,"Activation of BAD and translocation to mitochondria ",1,19,0.0013313713124518253,0.09267526534378345,0.09522367650340402,2,5,3.682698681593872E-4,9606,Homo sapiens,"YWHAQ","","R-HSA-139906;R-HSA-139899"
R-HSA-3270619,"IRF3-mediated induction of type I IFN",1,19,0.0013313713124518253,0.09267526534378345,0.09522367650340402,1,5,3.682698681593872E-4,9606,Homo sapiens,"XRCC6","","R-HSA-1834939"
R-HSA-5617833,"Cilium Assembly",3,210,0.014715156611309649,0.09308309001995008,0.09522367650340402,21,50,0.003682698681593872,9606,Homo sapiens,"ARF1;TUBA1A;TUBA4A","","R-HSA-5624949;R-HSA-5626228;R-HSA-5623508;R-HSA-5620918;R-HSA-5625424;R-HSA-5626227;R-HSA-5625426;R-HSA-5620914;R-HSA-5626681;R-HSA-5623513;R-HSA-5620921;R-HSA-5617816;R-HSA-5618328;R-HSA-5624952;R-HSA-5618331;R-HSA-5638009;R-HSA-5625421;R-HSA-5626220;R-HSA-5626223;R-HSA-5625416;R-HSA-5626699"
R-HSA-9711123,"Cellular response to chemical stress",3,212,0.014855300959988788,0.09509810186787704,0.09522367650340402,2,71,0.005229432127863298,9606,Homo sapiens,"PSMC3;RPN1;P4HB","","R-HSA-3341296;R-HSA-8932355"
R-HSA-1852241,"Organelle biogenesis and maintenance",4,338,0.023684394926774578,0.09522367650340402,0.09522367650340402,22,86,0.00633424173234146,9606,Homo sapiens,"ATP5F1A;ARF1;TUBA1A;TUBA4A","","R-HSA-5624949;R-HSA-5626228;R-HSA-5623508;R-HSA-5620918;R-HSA-8949580;R-HSA-5625424;R-HSA-5626227;R-HSA-5625426;R-HSA-5620914;R-HSA-5626681;R-HSA-5623513;R-HSA-5620921;R-HSA-5617816;R-HSA-5618328;R-HSA-5624952;R-HSA-5618331;R-HSA-5638009;R-HSA-5625421;R-HSA-5626220;R-HSA-5626223;R-HSA-5625416;R-HSA-5626699"
R-HSA-72766,"Translation",4,339,0.023754467101114146,0.09600058385579657,0.09600058385579657,9,99,0.007291743389555867,9606,Homo sapiens,"SEC61A1;RPN1;EIF4H;DDOST","","R-HSA-1799326;R-HSA-156823;R-HSA-72647;R-HSA-72697;R-HSA-1799329;R-HSA-72619;R-HSA-156808;R-HSA-157849;R-HSA-72621"
R-HSA-68867,"Assembly of the pre-replicative complex",2,102,0.007147361782636115,0.09633801472201453,0.09633801472201453,1,18,0.0013257715253737938,9606,Homo sapiens,"PSMC3;RPN1","","R-HSA-68825"
R-HSA-5668541,"TNFR2 non-canonical NF-kB pathway",2,104,0.007287506131315255,0.09951673709364017,0.09951673709364017,3,43,0.00316712086617073,9606,Homo sapiens,"PSMC3;RPN1","","R-HSA-5607731;R-HSA-5668481;R-HSA-5668520"
R-HSA-8939236,"RUNX1 regulates transcription of genes involved in differentiation of HSCs",2,106,0.007427650479994394,0.10272486551983862,0.10272486551983862,1,15,0.0011048096044781615,9606,Homo sapiens,"PSMC3;RPN1","","R-HSA-8957265"
R-HSA-5687128,"MAPK6/MAPK4 signaling",2,106,0.007427650479994394,0.10272486551983862,0.10272486551983862,1,40,0.0029461589452750977,9606,Homo sapiens,"PSMC3;RPN1","","R-HSA-5687112"
R-HSA-425397,"Transport of vitamins, nucleosides, and related molecules",2,108,0.0075677948286735335,0.10596149270115984,0.10596149270115984,1,39,0.00287250497164322,9606,Homo sapiens,"SLC25A6","","R-HSA-163215"
R-HSA-164938,"Nef-mediates down modulation of cell surface receptors by recruiting them to clathrin adapters",1,22,0.0015415878354705346,0.1065123291903759,0.1065123291903759,1,15,0.0011048096044781615,9606,Homo sapiens,"ARF1","","R-HSA-200879"
R-HSA-9020702,"Interleukin-1 signaling",2,109,0.007637867003013103,0.10759021389084111,0.10759021389084111,1,47,0.0034617367606982396,9606,Homo sapiens,"PSMC3;RPN1","","R-HSA-209061"
R-HSA-70171,"Glycolysis",2,110,0.007707939177352673,0.10922572630078187,0.10922572630078187,1,24,0.0017676953671650585,9606,Homo sapiens,"GAPDH","","R-HSA-70449"
R-HSA-163210,"Formation of ATP by chemiosmotic coupling",1,23,0.0016116600098101043,0.11107826952562638,0.11107826952562638,3,3,2.209619208956323E-4,9606,Homo sapiens,"ATP5F1A","","R-HSA-164834;R-HSA-164832;R-HSA-164840"
R-HSA-1912420,"Pre-NOTCH Processing in Golgi",1,23,0.0016116600098101043,0.11107826952562638,0.11107826952562638,2,8,5.892317890550195E-4,9606,Homo sapiens,"TMED2","","R-HSA-1912382;R-HSA-1912379"
R-HSA-111471,"Apoptotic factor-mediated response",1,23,0.0016116600098101043,0.11107826952562638,0.11107826952562638,2,28,0.0020623112616925685,9606,Homo sapiens,"C1QBP","","R-HSA-9645694;R-HSA-9645692"
R-HSA-1483255,"PI Metabolism",2,112,0.007848083526031812,0.11251668874087295,0.11251668874087295,3,89,0.006555203653237092,9606,Homo sapiens,"ARF1","","R-HSA-1676152;R-HSA-1675883;R-HSA-8870499"
R-HSA-9694516,"SARS-CoV-2 Infection",2,112,0.007848083526031812,0.11251668874087295,0.11251668874087295,1,116,0.008543860941297783,9606,Homo sapiens,"RPN1;DDOST","","R-HSA-9694793"
R-HSA-442755,"Activation of NMDA receptors and postsynaptic events",2,113,0.007918155700371382,0.11417192301913337,0.11417192301913337,3,71,0.005229432127863298,9606,Homo sapiens,"TUBA1A;TUBA4A","","R-HSA-9610627;R-HSA-9619542;R-HSA-9610408"
R-HSA-1834941,"STING mediated induction of host immune responses",1,24,0.0016817321841496743,0.115621194809295,0.115621194809295,1,19,0.0013994254990056714,9606,Homo sapiens,"XRCC6","","R-HSA-1834939"
R-HSA-109582,"Hemostasis",7,803,0.05626795599467452,0.1160998991553247,0.1160998991553247,11,334,0.024600427193047066,9606,Homo sapiens,"TUBA1A;SLC7A8;C1QBP;PSAP;TAGLN2;MAGED2;TUBA4A","","R-HSA-158354;R-HSA-482772;R-HSA-983259;R-HSA-158311;R-HSA-481007;R-HSA-351341;R-HSA-158218;R-HSA-158251;R-HSA-158313;R-HSA-983266;R-HSA-375131"
R-HSA-5620916,"VxPx cargo-targeting to cilium",1,25,0.001751804358489244,0.12014121944766831,0.12014121944766831,5,10,7.365397363187744E-4,9606,Homo sapiens,"ARF1","","R-HSA-5623508;R-HSA-5620918;R-HSA-5620914;R-HSA-5623513;R-HSA-5620921"
R-HSA-977347,"Serine biosynthesis",1,25,0.001751804358489244,0.12014121944766831,0.12014121944766831,1,7,5.155778154231421E-4,9606,Homo sapiens,"SERINC1","","R-HSA-8932980"
R-HSA-8878159,"Transcriptional regulation by RUNX3",2,118,0.00826851657206923,0.1225413905040118,0.1225413905040118,1,47,0.0034617367606982396,9606,Homo sapiens,"PSMC3;RPN1","","R-HSA-8952408"
R-HSA-140837,"Intrinsic Pathway of Fibrin Clot Formation",1,26,0.0018218765328288137,0.12463845728632605,0.12463845728632605,5,24,0.0017676953671650585,9606,Homo sapiens,"C1QBP","","R-HSA-158354;R-HSA-158311;R-HSA-158218;R-HSA-158251;R-HSA-158313"
R-HSA-196836,"Vitamin C (ascorbate) metabolism",1,26,0.0018218765328288137,0.12463845728632605,0.12463845728632605,1,9,6.628857626868969E-4,9606,Homo sapiens,"CYB5R3","","R-HSA-198824"
R-HSA-210991,"Basigin interactions",1,26,0.0018218765328288137,0.12463845728632605,0.12463845728632605,1,10,7.365397363187744E-4,9606,Homo sapiens,"SLC7A8","","R-HSA-375131"
R-HSA-162594,"Early Phase of HIV Life Cycle",1,26,0.0018218765328288137,0.12463845728632605,0.12463845728632605,3,39,0.00287250497164322,9606,Homo sapiens,"XRCC6","","R-HSA-175174;R-HSA-175258;R-HSA-175177"
R-HSA-5607764,"CLEC7A (Dectin-1) signaling",2,120,0.00840866092074837,0.12593078071962727,0.12593078071962727,2,45,0.0033144288134344846,9606,Homo sapiens,"PSMC3;RPN1","","R-HSA-5607731;R-HSA-5607724"
R-HSA-69002,"DNA Replication Pre-Initiation",2,120,0.00840866092074837,0.12593078071962727,0.12593078071962727,1,27,0.0019886572880606908,9606,Homo sapiens,"PSMC3;RPN1","","R-HSA-68825"
R-HSA-9648025,"EML4 and NUDC in mitotic spindle formation",2,121,0.008478733095087941,0.1276339839848284,0.1276339839848284,2,5,3.682698681593872E-4,9606,Homo sapiens,"TUBA1A;TUBA4A","","R-HSA-9648114;R-HSA-9648017"
R-HSA-168179,"Toll Like Receptor TLR1:TLR2 Cascade",2,121,0.008478733095087941,0.1276339839848284,0.1276339839848284,1,66,0.004861162259703911,9606,Homo sapiens,"PSAP","","R-HSA-168951"
R-HSA-181438,"Toll Like Receptor 2 (TLR2) Cascade",2,121,0.008478733095087941,0.1276339839848284,0.1276339839848284,1,68,0.005008470206967666,9606,Homo sapiens,"PSAP","","R-HSA-168951"
R-HSA-202424,"Downstream TCR signaling",2,124,0.00868894961810665,0.13277643413672058,0.13277643413672058,1,24,0.0017676953671650585,9606,Homo sapiens,"PSMC3;RPN1","","R-HSA-5607724"
R-HSA-9634638,"Estrogen-dependent nuclear events downstream of ESR-membrane signaling",1,29,0.002032093055847523,0.13799458010537513,0.13799458010537513,2,12,8.838476835825292E-4,9606,Homo sapiens,"DAP","","R-HSA-9632868;R-HSA-9632873"
R-HSA-164952,"The role of Nef in HIV-1 replication and disease pathogenesis",1,29,0.002032093055847523,0.13799458010537513,0.13799458010537513,1,20,0.0014730794726375489,9606,Homo sapiens,"ARF1","","R-HSA-200879"
R-HSA-2029485,"Role of phospholipids in phagocytosis",2,129,0.009039310489804499,0.14145082870798786,0.14145082870798786,1,12,8.838476835825292E-4,9606,Homo sapiens,"PLD3","","R-HSA-2029471"
R-HSA-8963898,"Plasma lipoprotein assembly",1,30,0.0021021652301870925,0.1424017980806398,0.1424017980806398,3,19,0.0013994254990056714,9606,Homo sapiens,"P4HB","","R-HSA-174786;R-HSA-174741;R-HSA-8866329"
R-HSA-373760,"L1CAM interactions",2,130,0.009109382664144069,0.14320039922468153,0.14320039922468153,2,54,0.0039773145761213815,9606,Homo sapiens,"TUBA1A;TUBA4A","","R-HSA-445077;R-HSA-445071"
R-HSA-8949613,"Cristae formation",1,31,0.0021722374045266626,0.14678679016734297,0.14678679016734297,1,2,1.4730794726375488E-4,9606,Homo sapiens,"ATP5F1A","","R-HSA-8949580"
R-HSA-157118,"Signaling by NOTCH",3,259,0.018148693153948566,0.14719121616153874,0.14719121616153874,3,154,0.011342711939309125,9606,Homo sapiens,"PSMC3;RPN1;TMED2","","R-HSA-9604642;R-HSA-1912382;R-HSA-1912379"
R-HSA-69239,"Synthesis of DNA",2,133,0.009319599187162778,0.1484768274602808,0.1484768274602808,2,26,0.0019150033144288135,9606,Homo sapiens,"PSMC3;RPN1","","R-HSA-68948;R-HSA-69016"
R-HSA-1500931,"Cell-Cell communication",2,133,0.009319599187162778,0.1484768274602808,0.1484768274602808,1,60,0.004419238417912646,9606,Homo sapiens,"PSAP","","R-HSA-391155"
R-HSA-2500257,"Resolution of Sister Chromatid Cohesion",2,134,0.009389671361502348,0.1502445737559347,0.1502445737559347,4,8,5.892317890550195E-4,9606,Homo sapiens,"TUBA1A;TUBA4A","","R-HSA-2484822;R-HSA-1638803;R-HSA-2468287;R-HSA-1638821"
R-HSA-5357769,"Caspase activation via extrinsic apoptotic signalling pathway",1,32,0.0022423095788662323,0.15114966690309561,0.15114966690309561,1,17,0.0012521175517419166,9606,Homo sapiens,"MAGED1","","R-HSA-374699"
R-HSA-901032,"ER Quality Control Compartment (ERQC)",1,33,0.002312381753205802,0.1554905382834414,0.1554905382834414,1,9,6.628857626868969E-4,9606,Homo sapiens,"OS9","","R-HSA-8867288"
R-HSA-9734009,"Defective Intrinsic Pathway for Apoptosis",1,33,0.002312381753205802,0.1554905382834414,0.1554905382834414,1,24,0.0017676953671650585,9606,Homo sapiens,"C1QBP","","R-HSA-9645766"
R-HSA-8850843,"Phosphate bond hydrolysis by NTPDase proteins",1,34,0.0023824539275453718,0.15980951376452535,0.15980951376452535,2,12,8.838476835825292E-4,9606,Homo sapiens,"ENTPD3","","R-HSA-8851110;R-HSA-8851129"
R-HSA-9609646,"HCMV Infection",3,270,0.018919487071683835,0.1605258442927191,0.1605258442927191,4,31,0.002283273182588201,9606,Homo sapiens,"HNRNPK;TUBA1A;TUBA4A","","R-HSA-9624033;R-HSA-9614343;R-HSA-9614367;R-HSA-9698926"
R-HSA-70326,"Glucose metabolism",2,140,0.009810104407539766,0.16093869574434294,0.16093869574434294,2,50,0.003682698681593872,9606,Homo sapiens,"GAPDH","","R-HSA-70449;R-HSA-70482"
R-HSA-68886,"M Phase",4,416,0.02915002452526102,0.16417093334573873,0.16417093334573873,13,91,0.006702511600500847,9606,Homo sapiens,"TUBA1A;PSMC3;RPN1;TUBA4A","","R-HSA-9648114;R-HSA-9648017;R-HSA-375302;R-HSA-2467809;R-HSA-2467811;R-HSA-1638803;R-HSA-9668419;R-HSA-2484822;R-HSA-174202;R-HSA-380316;R-HSA-380508;R-HSA-2468287;R-HSA-1638821"
R-HSA-114452,"Activation of BH3-only proteins",1,36,0.002522598276224511,0.16838221217200355,0.16838221217200355,2,19,0.0013994254990056714,9606,Homo sapiens,"YWHAQ","","R-HSA-139906;R-HSA-139899"
R-HSA-5619115,"Disorders of transmembrane transporters",3,278,0.019480064466400392,0.17045072756331847,0.17045072756331847,4,87,0.006407895705973337,9606,Homo sapiens,"OS9;PSMC3;RPN1","","R-HSA-8866854;R-HSA-8866858;R-HSA-8866857;R-HSA-8866856"
R-HSA-69620,"Cell Cycle Checkpoints",3,280,0.019620208815079532,0.17295992404784588,0.17295992404784588,4,56,0.004124622523385137,9606,Homo sapiens,"PSMC3;YWHAQ;RPN1","","R-HSA-69600;R-HSA-8852354;R-HSA-75016;R-HSA-264458"
R-HSA-8878166,"Transcriptional regulation by RUNX2",2,147,0.010300609627916754,0.17358696355876413,0.17358696355876413,4,84,0.006186933785077705,9606,Homo sapiens,"PSMC3;RPN1","","R-HSA-8939801;R-HSA-9008475;R-HSA-9008110;R-HSA-9009362"
R-HSA-202403,"TCR signaling",2,147,0.010300609627916754,0.17358696355876413,0.17358696355876413,1,52,0.003830006628857627,9606,Homo sapiens,"PSMC3;RPN1","","R-HSA-5607724"
R-HSA-5663220,"RHO GTPases Activate Formins",2,149,0.010440753976595893,0.17723103097279935,0.17723103097279935,1,27,0.0019886572880606908,9606,Homo sapiens,"TUBA1A;TUBA4A","","R-HSA-5666169"
R-HSA-1632852,"Macroautophagy",2,150,0.010510826150935463,0.17905771356790223,0.17905771356790223,4,87,0.006407895705973337,9606,Homo sapiens,"TUBA1A;TUBA4A","","R-HSA-9646679;R-HSA-9646390;R-HSA-9646383;R-HSA-9646685"
R-HSA-69206,"G1/S Transition",2,150,0.010510826150935463,0.17905771356790223,0.17905771356790223,1,61,0.004492892391544523,9606,Homo sapiens,"PSMC3;RPN1","","R-HSA-187574"
R-HSA-166016,"Toll Like Receptor 4 (TLR4) Cascade",2,151,0.010580898325275033,0.18088739207018212,0.18088739207018212,1,95,0.0069971274950283565,9606,Homo sapiens,"PSAP","","R-HSA-166041"
R-HSA-1855204,"Synthesis of IP3 and IP4 in the cytosol",1,39,0.0027328147992432207,0.18107974621404088,0.18107974621404088,1,12,8.838476835825292E-4,9606,Homo sapiens,"PLD3","","R-HSA-1855214"
R-HSA-5688426,"Deubiquitination",3,289,0.02025085838413566,0.1843813902185376,0.1843813902185376,4,77,0.005671355969654563,9606,Homo sapiens,"UCHL1;PSMC3;RPN1","","R-HSA-5689539;R-HSA-5665854;R-HSA-5665871;R-HSA-5690319"
R-HSA-390522,"Striated Muscle Contraction",1,40,0.0028028869735827904,0.18526961499797667,0.18526961499797667,4,4,2.9461589452750976E-4,9606,Homo sapiens,"TMOD1","","R-HSA-390597;R-HSA-390598;R-HSA-390593;R-HSA-390595"
R-HSA-390471,"Association of TriC/CCT with target proteins during biosynthesis",1,40,0.0028028869735827904,0.18526961499797667,0.18526961499797667,1,2,1.4730794726375488E-4,9606,Homo sapiens,"GAPDH","","R-HSA-390470"
R-HSA-8980692,"RHOA GTPase cycle",2,154,0.010791114848293742,0.1863936399185987,0.1863936399185987,2,6,4.419238417912646E-4,9606,Homo sapiens,"ATP6AP1;C1QBP","","R-HSA-9013004;R-HSA-9013009"
R-HSA-9707564,"Cytoprotection by HMOX1",2,158,0.011071403545652022,0.19377267381247631,0.19377267381247631,1,37,0.0027251970243794654,9606,Homo sapiens,"PSMC3;RPN1","","R-HSA-8932355"
R-HSA-432720,"Lysosome Vesicle Biogenesis",1,43,0.0030131034966014996,0.1977127742126027,0.1977127742126027,2,8,5.892317890550195E-4,9606,Homo sapiens,"ARF1","","R-HSA-432706;R-HSA-432712"
R-HSA-140877,"Formation of Fibrin Clot (Clotting Cascade)",1,43,0.0030131034966014996,0.1977127742126027,0.1977127742126027,5,61,0.004492892391544523,9606,Homo sapiens,"C1QBP","","R-HSA-158354;R-HSA-158311;R-HSA-158218;R-HSA-158251;R-HSA-158313"
R-HSA-9612973,"Autophagy",2,166,0.01163198094036858,0.20864155346340874,0.20864155346340874,4,108,0.007954629152242763,9606,Homo sapiens,"TUBA1A;TUBA4A","","R-HSA-9646679;R-HSA-9646390;R-HSA-9646383;R-HSA-9646685"
R-HSA-3858494,"Beta-catenin independent WNT signaling",2,166,0.01163198094036858,0.20864155346340874,0.20864155346340874,1,51,0.0037563526552257492,9606,Homo sapiens,"PSMC3;RPN1","","R-HSA-4608855"
R-HSA-446652,"Interleukin-1 family signaling",2,167,0.01170205311470815,0.2105091955875601,0.2105091955875601,1,80,0.005892317890550195,9606,Homo sapiens,"PSMC3;RPN1","","R-HSA-209061"
R-HSA-9609507,"Protein localization",2,170,0.011912269637726859,0.21612255567242067,0.21612255567242067,3,53,0.0039036606024895042,9606,Homo sapiens,"ATP5F1A;SLC25A6","","R-HSA-1268022;R-HSA-1955380;R-HSA-1299481"
R-HSA-6807070,"PTEN Regulation",2,171,0.011982341812066429,0.2179969367479988,0.2179969367479988,1,56,0.004124622523385137,9606,Homo sapiens,"PSMC3;RPN1","","R-HSA-8850992"
R-HSA-453279,"Mitotic G1 phase and G1/S transition",2,173,0.012122486160745568,0.22175020642632992,0.22175020642632992,1,99,0.007291743389555867,9606,Homo sapiens,"PSMC3;RPN1","","R-HSA-187574"
R-HSA-6811438,"Intra-Golgi traffic",1,49,0.0034335365426389182,0.2220394476081421,0.2220394476081421,3,10,7.365397363187744E-4,9606,Homo sapiens,"ARF1","","R-HSA-8847875;R-HSA-8847883;R-HSA-8847880"
R-HSA-69306,"DNA Replication",2,174,0.012192558335085138,0.22362896909004804,0.22362896909004804,3,53,0.0039036606024895042,9606,Homo sapiens,"PSMC3;RPN1","","R-HSA-68948;R-HSA-68825;R-HSA-69016"
R-HSA-983169,"Class I MHC mediated antigen processing & presentation",4,474,0.033214210636956065,0.22435783334546688,0.22435783334546688,11,48,0.003535390734330117,9606,Homo sapiens,"PDIA3;SEC61A1;PSMC3;RPN1","","R-HSA-983150;R-HSA-1236947;R-HSA-8863973;R-HSA-8951499;R-HSA-983148;R-HSA-1236935;R-HSA-983146;R-HSA-983161;R-HSA-1236970;R-HSA-1236971;R-HSA-983142"
R-HSA-2871837,"FCERI mediated NF-kB activation",2,175,0.012262630509424707,0.22550906732114495,0.22550906732114495,1,19,0.0013994254990056714,9606,Homo sapiens,"PSMC3;RPN1","","R-HSA-5607724"
R-HSA-4570464,"SUMOylation of RNA binding proteins",1,51,0.0035736808913180576,0.22998552626345958,0.22998552626345958,1,4,2.9461589452750976E-4,9606,Homo sapiens,"HNRNPK","","R-HSA-4570499"
R-HSA-449147,"Signaling by Interleukins",5,643,0.04505640810034335,0.23237803867548945,0.23237803867548945,5,493,0.036311409000515577,9606,Homo sapiens,"ARF1;PSMC3;RPN1;P4HB","","R-HSA-8950456;R-HSA-8950173;R-HSA-209061;R-HSA-8950113;R-HSA-8950183"
R-HSA-195258,"RHO GTPase Effectors",3,326,0.02284352883469974,0.23321585836091263,0.23321585836091263,3,113,0.00832289902040215,9606,Homo sapiens,"TUBA1A;YWHAQ;TUBA4A","","R-HSA-75016;R-HSA-5666169;R-HSA-5672329"
R-HSA-69242,"S Phase",2,180,0.012612991381122556,0.2349274592078585,0.2349274592078585,4,54,0.0039773145761213815,9606,Homo sapiens,"PSMC3;RPN1","","R-HSA-75825;R-HSA-187574;R-HSA-68948;R-HSA-69016"
R-HSA-9010553,"Regulation of expression of SLITs and ROBOs",2,183,0.012823207904141265,0.2405906723247413,0.2405906723247413,1,20,0.0014730794726375489,9606,Homo sapiens,"PSMC3;RPN1","","R-HSA-9011313"
R-HSA-8963899,"Plasma lipoprotein remodeling",1,56,0.003924041763015906,0.24950219611560598,0.24950219611560598,1,31,0.002283273182588201,9606,Homo sapiens,"P4HB","","R-HSA-9737780"
R-HSA-168898,"Toll-like Receptor Cascades",2,188,0.013173568775839114,0.25004466797470226,0.25004466797470226,4,185,0.013625985121897326,9606,Homo sapiens,"PSAP","","R-HSA-168951;R-HSA-5432852;R-HSA-166041;R-HSA-5432814"
R-HSA-983705,"Signaling by the B Cell Receptor (BCR)",2,189,0.013243640950178683,0.25193726216164936,0.25193726216164936,1,44,0.0032407748398026073,9606,Homo sapiens,"PSMC3;RPN1","","R-HSA-1168640"
R-HSA-5693571,"Nonhomologous End-Joining (NHEJ)",1,57,0.003994113937355476,0.25334657332434984,0.25334657332434984,10,13,9.575016572144067E-4,9606,Homo sapiens,"XRCC6","","R-HSA-5693574;R-HSA-5693575;R-HSA-5693604;R-HSA-5687360;R-HSA-5693599;R-HSA-5693615;R-HSA-5687183;R-HSA-5686924;R-HSA-5693533;R-HSA-5693578"
R-HSA-5620920,"Cargo trafficking to the periciliary membrane",1,57,0.003994113937355476,0.25334657332434984,0.25334657332434984,5,27,0.0019886572880606908,9606,Homo sapiens,"ARF1","","R-HSA-5623508;R-HSA-5620918;R-HSA-5620914;R-HSA-5623513;R-HSA-5620921"
R-HSA-1643685,"Disease",15,2431,0.1703454558194941,0.25372927342235385,0.25372927342235385,26,1632,0.12020328496722398,9606,Homo sapiens,"XRCC6;ARF1;TUBA1A;HNRNPK;OS9;PSMC3;C1QBP;RPN1;PSAP;TUBA4A;DDOST;SLC25A6","","R-HSA-5362450;R-HSA-175174;R-HSA-175177;R-HSA-9614367;R-HSA-5387392;R-HSA-9614343;R-HSA-5688899;R-HSA-5687875;R-HSA-9645766;R-HSA-175258;R-HSA-9694793;R-HSA-180573;R-HSA-8866854;R-HSA-5688884;R-HSA-5387386;R-HSA-180905;R-HSA-168878;R-HSA-200879;R-HSA-8866858;R-HSA-8866857;R-HSA-5387389;R-HSA-8866856;R-HSA-9624033;R-HSA-5483238;R-HSA-180603;R-HSA-9698926"
R-HSA-1280218,"Adaptive Immune System",7,1005,0.07042253521126761,0.2538235412387141,0.2538235412387141,16,264,0.019444649038815643,9606,Homo sapiens,"PDIA3;SEC61A1;ARF1;TUBA1A;PSMC3;RPN1;TUBA4A","","R-HSA-2213248;R-HSA-983150;R-HSA-1236947;R-HSA-8863973;R-HSA-8951498;R-HSA-8951499;R-HSA-983148;R-HSA-983146;R-HSA-983142;R-HSA-1168640;R-HSA-1236935;R-HSA-983161;R-HSA-1236970;R-HSA-5607724;R-HSA-1236971;R-HSA-2130619"
R-HSA-2029480,"Fcgamma receptor (FCGR) dependent phagocytosis",2,193,0.013523929647536964,0.2595118242289065,0.2595118242289065,1,42,0.0030934668925388523,9606,Homo sapiens,"PLD3","","R-HSA-2029471"
R-HSA-983231,"Factors involved in megakaryocyte development and platelet production",2,194,0.013594001821876533,0.26140624848233274,0.26140624848233274,2,43,0.00316712086617073,9606,Homo sapiens,"TUBA1A;TUBA4A","","R-HSA-983259;R-HSA-983266"
R-HSA-9639288,"Amino acids regulate mTORC1",1,61,0.004274402634713756,0.2685308058541743,0.2685308058541743,8,12,8.838476835825292E-4,9606,Homo sapiens,"ATP6V0E2","","R-HSA-9640195;R-HSA-9640167;R-HSA-9639286;R-HSA-9646468;R-HSA-9640168;R-HSA-9645608;R-HSA-9640175;R-HSA-9645598"
R-HSA-72649,"Translation initiation complex formation",1,62,0.004344474809053325,0.2722790252879217,0.2722790252879217,2,2,1.4730794726375488E-4,9606,Homo sapiens,"EIF4H","","R-HSA-156808;R-HSA-157849"
R-HSA-5621481,"C-type lectin receptors (CLRs)",2,203,0.01422465139093266,0.27845954211907453,0.27845954211907453,2,68,0.005008470206967666,9606,Homo sapiens,"PSMC3;RPN1","","R-HSA-5607731;R-HSA-5607724"
R-HSA-72702,"Ribosomal scanning and start codon recognition",1,64,0.004484619157732465,0.2797187236526939,0.2797187236526939,2,2,1.4730794726375488E-4,9606,Homo sapiens,"EIF4H","","R-HSA-72697;R-HSA-72621"
R-HSA-193648,"NRAGE signals death through JNK",1,64,0.004484619157732465,0.2797187236526939,0.2797187236526939,3,7,5.155778154231421E-4,9606,Homo sapiens,"MAGED1","","R-HSA-205115;R-HSA-204958;R-HSA-205132"
R-HSA-5689880,"Ub-specific processing proteases",2,206,0.01443486791395137,0.2841415772582323,0.2841415772582323,1,40,0.0029461589452750977,9606,Homo sapiens,"PSMC3;RPN1","","R-HSA-5689539"
R-HSA-983712,"Ion channel transport",2,206,0.01443486791395137,0.2841415772582323,0.2841415772582323,1,45,0.0033144288134344846,9606,Homo sapiens,"ATP6AP1;ATP6V0E2","","R-HSA-5252133"
R-HSA-72662,"Activation of the mRNA upon binding of the cap-binding complex and eIFs, and subsequent binding to 43S",1,66,0.004624763506411604,0.2870833952427758,0.2870833952427758,3,6,4.419238417912646E-4,9606,Homo sapiens,"EIF4H","","R-HSA-72647;R-HSA-156808;R-HSA-157849"
R-HSA-68877,"Mitotic Prometaphase",2,211,0.014785228785649219,0.29360371463352863,0.29360371463352863,9,20,0.0014730794726375489,9606,Homo sapiens,"TUBA1A;TUBA4A","","R-HSA-9648114;R-HSA-9648017;R-HSA-2484822;R-HSA-375302;R-HSA-380316;R-HSA-380508;R-HSA-1638803;R-HSA-2468287;R-HSA-1638821"
R-HSA-194315,"Signaling by Rho GTPases",5,709,0.049681171606754955,0.2967864296070004,0.2967864296070004,6,203,0.01495175664727112,9606,Homo sapiens,"TUBA1A;ATP6AP1;YWHAQ;C1QBP;TUBA4A","","R-HSA-9013004;R-HSA-9013009;R-HSA-75016;R-HSA-5666169;R-HSA-5672329;R-HSA-9013110"
R-HSA-1660499,"Synthesis of PIPs at the plasma membrane",1,69,0.004834980029430313,0.29799135776758,0.29799135776758,1,33,0.0024305811298519554,9606,Homo sapiens,"ARF1","","R-HSA-8870499"
R-HSA-3299685,"Detoxification of Reactive Oxygen Species",1,69,0.004834980029430313,0.29799135776758,0.29799135776758,1,34,0.002504235103483833,9606,Homo sapiens,"P4HB","","R-HSA-3341296"
R-HSA-352230,"Amino acid transport across the plasma membrane",1,69,0.004834980029430313,0.29799135776758,0.29799135776758,1,36,0.0026515430507475877,9606,Homo sapiens,"SLC7A8","","R-HSA-352191"
R-HSA-9609690,"HCMV Early Events",2,215,0.015065517483007497,0.30116312847552074,0.30116312847552074,2,12,8.838476835825292E-4,9606,Homo sapiens,"TUBA1A;TUBA4A","","R-HSA-9614343;R-HSA-9614367"
R-HSA-201681,"TCF dependent signaling in response to WNT",2,216,0.015135589657347067,0.30305119744029174,0.30305119744029174,4,71,0.005229432127863298,9606,Homo sapiens,"PSMC3;RPN1","","R-HSA-1504193;R-HSA-4641260;R-HSA-3640874;R-HSA-4641256"
R-HSA-9679506,"SARS-CoV Infections",2,217,0.015205661831686637,0.30493846992858087,0.30493846992858087,1,256,0.018855417249760625,9606,Homo sapiens,"RPN1;DDOST","","R-HSA-9694793"
R-HSA-9716542,"Signaling by Rho GTPases, Miro GTPases and RHOBTB3",5,725,0.05080232639618807,0.31290130620282885,0.31290130620282885,6,212,0.015614642409958017,9606,Homo sapiens,"TUBA1A;ATP6AP1;YWHAQ;C1QBP;TUBA4A","","R-HSA-9013004;R-HSA-9013009;R-HSA-75016;R-HSA-5666169;R-HSA-5672329;R-HSA-9013110"
R-HSA-1483206,"Glycerophospholipid biosynthesis",2,222,0.015556022703384485,0.31436147934209024,0.31436147934209024,1,133,0.0097959784930397,9606,Homo sapiens,"PLD3","","R-HSA-1483142"
R-HSA-1640170,"Cell Cycle",5,734,0.0514329759652442,0.3220245867319622,0.3220245867319622,43,449,0.03307063416071297,9606,Homo sapiens,"TUBA1A;PSMC3;YWHAQ;RPN1;TUBA4A","","R-HSA-9648017;R-HSA-375302;R-HSA-380294;R-HSA-2467809;R-HSA-8852354;R-HSA-2467811;R-HSA-75016;R-HSA-1638803;R-HSA-380303;R-HSA-8852298;R-HSA-264458;R-HSA-9668419;R-HSA-3000319;R-HSA-380311;R-HSA-8852306;R-HSA-68948;R-HSA-380316;R-HSA-380508;R-HSA-69016;R-HSA-2468287;R-HSA-2574845;R-HSA-8853405;R-HSA-3000310;R-HSA-8854044;R-HSA-174105;R-HSA-188191;R-HSA-2574840;R-HSA-9648114;R-HSA-69600;R-HSA-380455;R-HSA-174058;R-HSA-8853419;R-HSA-174255;R-HSA-8854071;R-HSA-75825;R-HSA-2484822;R-HSA-187574;R-HSA-380272;R-HSA-174202;R-HSA-174203;R-HSA-1638821;R-HSA-380283;R-HSA-8852280"
R-HSA-1650814,"Collagen biosynthesis and modifying enzymes",1,76,0.005325485249807301,0.32280721443671734,0.32280721443671734,3,51,0.0037563526552257492,9606,Homo sapiens,"P4HB","","R-HSA-1650808;R-HSA-8948234;R-HSA-2002460"
R-HSA-1834949,"Cytosolic sensors of pathogen-associated DNA ",1,78,0.0054656295984864415,0.32973714221399364,0.32973714221399364,2,50,0.003682698681593872,9606,Homo sapiens,"XRCC6","","R-HSA-1834939;R-HSA-3134821"
R-HSA-112314,"Neurotransmitter receptors and postsynaptic signal transmission",2,232,0.016256744446780182,0.3331253673977448,0.3331253673977448,3,109,0.008028283125874641,9606,Homo sapiens,"TUBA1A;TUBA4A","","R-HSA-9610627;R-HSA-9619542;R-HSA-9610408"
R-HSA-9013106,"RHOC GTPase cycle",1,79,0.005535701772826011,0.3331758294753706,0.3331758294753706,1,6,4.419238417912646E-4,9606,Homo sapiens,"C1QBP","","R-HSA-9013110"
R-HSA-5625740,"RHO GTPases activate PKNs",1,80,0.005605773947165581,0.3365971154894847,0.3365971154894847,1,20,0.0014730794726375489,9606,Homo sapiens,"YWHAQ","","R-HSA-75016"
R-HSA-376176,"Signaling by ROBO receptors",2,235,0.016466960969798893,0.33872890793717536,0.33872890793717536,1,60,0.004419238417912646,9606,Homo sapiens,"PSMC3;RPN1","","R-HSA-9011313"
R-HSA-2454202,"Fc epsilon receptor (FCERI) signaling",2,235,0.016466960969798893,0.33872890793717536,0.33872890793717536,1,65,0.0047875082860720335,9606,Homo sapiens,"PSMC3;RPN1","","R-HSA-5607724"
R-HSA-204998,"Cell death signalling via NRAGE, NRIF and NADE",1,81,0.005675846121505151,0.34000108709727694,0.34000108709727694,3,17,0.0012521175517419166,9606,Homo sapiens,"MAGED1","","R-HSA-205115;R-HSA-204958;R-HSA-205132"
R-HSA-69473,"G2/M DNA damage checkpoint",1,81,0.005675846121505151,0.34000108709727694,0.34000108709727694,1,12,8.838476835825292E-4,9606,Homo sapiens,"YWHAQ","","R-HSA-75016"
R-HSA-1222556,"ROS and RNS production in phagocytes",1,82,0.00574591829584472,0.3433878307123611,0.3433878307123611,1,45,0.0033144288134344846,9606,Homo sapiens,"ATP6V0E2","","R-HSA-1222516"
R-HSA-8951664,"Neddylation",2,241,0.01688739401583631,0.3498946592018224,0.3498946592018224,2,31,0.002283273182588201,9606,Homo sapiens,"PSMC3;RPN1","","R-HSA-8956184;R-HSA-8956140"
R-HSA-422475,"Axon guidance",4,585,0.040992221988648304,0.3510039630317129,0.3510039630317129,3,298,0.021948884142299476,9606,Homo sapiens,"TUBA1A;PSMC3;RPN1;TUBA4A","","R-HSA-445077;R-HSA-9011313;R-HSA-445071"
R-HSA-1660662,"Glycosphingolipid metabolism",1,86,0.006026206993202999,0.35676423867825857,0.35676423867825857,1,32,0.002356927156220078,9606,Homo sapiens,"PSAP","","R-HSA-1605591"
R-HSA-425407,"SLC-mediated transmembrane transport",3,416,0.02915002452526102,0.35840611981563986,0.35840611981563986,2,191,0.014067908963688591,9606,Homo sapiens,"SLC7A8;SLC25A6","","R-HSA-352191;R-HSA-163215"
R-HSA-69278,"Cell Cycle, Mitotic",4,596,0.04176301590638357,0.36387926889316735,0.36387926889316735,40,350,0.025778890771157102,9606,Homo sapiens,"TUBA1A;PSMC3;RPN1;TUBA4A","","R-HSA-9648017;R-HSA-375302;R-HSA-380294;R-HSA-2467809;R-HSA-8852354;R-HSA-2467811;R-HSA-1638803;R-HSA-380303;R-HSA-8852298;R-HSA-9668419;R-HSA-3000319;R-HSA-380311;R-HSA-8852306;R-HSA-68948;R-HSA-380316;R-HSA-380508;R-HSA-69016;R-HSA-2468287;R-HSA-2574845;R-HSA-8853405;R-HSA-3000310;R-HSA-8854044;R-HSA-174105;R-HSA-188191;R-HSA-2574840;R-HSA-9648114;R-HSA-380455;R-HSA-174058;R-HSA-8853419;R-HSA-174255;R-HSA-8854071;R-HSA-75825;R-HSA-2484822;R-HSA-187574;R-HSA-380272;R-HSA-174202;R-HSA-174203;R-HSA-1638821;R-HSA-380283;R-HSA-8852280"
R-HSA-977225,"Amyloid fiber formation",1,89,0.006236423516221708,0.366619822185539,0.366619822185539,2,33,0.0024305811298519554,9606,Homo sapiens,"ITM2B","","R-HSA-976734;R-HSA-977136"
R-HSA-9645723,"Diseases of programmed cell death",1,90,0.006306495690561278,0.36987180215221993,0.36987180215221993,1,28,0.0020623112616925685,9606,Homo sapiens,"C1QBP","","R-HSA-9645766"
R-HSA-1483249,"Inositol phosphate metabolism",1,90,0.006306495690561278,0.36987180215221993,0.36987180215221993,1,71,0.005229432127863298,9606,Homo sapiens,"PLD3","","R-HSA-1855214"
R-HSA-8878171,"Transcriptional regulation by RUNX1",2,261,0.018288837502627706,0.3866387299764572,0.3866387299764572,1,132,0.009722324519407822,9606,Homo sapiens,"PSMC3;RPN1","","R-HSA-8957265"
R-HSA-9675108,"Nervous system development",4,621,0.04351482026487282,0.3931138597557706,0.3931138597557706,3,324,0.02386388745672829,9606,Homo sapiens,"TUBA1A;PSMC3;RPN1;TUBA4A","","R-HSA-445077;R-HSA-9011313;R-HSA-445071"
R-HSA-174824,"Plasma lipoprotein assembly, remodeling, and clearance",1,98,0.0068670730852778365,0.3953016105809236,0.3953016105809236,4,85,0.006260587758709583,9606,Homo sapiens,"P4HB","","R-HSA-9737780;R-HSA-174786;R-HSA-174741;R-HSA-8866329"
R-HSA-983170,"Antigen Presentation: Folding, assembly and peptide loading of class I MHC",1,103,0.007217433956975685,0.41067838668166734,0.41067838668166734,5,16,0.001178463578110039,9606,Homo sapiens,"PDIA3","","R-HSA-8951499;R-HSA-983148;R-HSA-983146;R-HSA-983161;R-HSA-983142"
R-HSA-1474290,"Collagen formation",1,104,0.007287506131315255,0.41370713793858127,0.41370713793858127,3,77,0.005671355969654563,9606,Homo sapiens,"P4HB","","R-HSA-1650808;R-HSA-8948234;R-HSA-2002460"
R-HSA-193704,"p75 NTR receptor-mediated signalling",1,110,0.007707939177352673,0.4315598896014321,0.4315598896014321,3,50,0.003682698681593872,9606,Homo sapiens,"MAGED1","","R-HSA-205115;R-HSA-204958;R-HSA-205132"
R-HSA-9614085,"FOXO-mediated transcription",1,110,0.007707939177352673,0.4315598896014321,0.4315598896014321,2,85,0.006260587758709583,9606,Homo sapiens,"YWHAQ","","R-HSA-9614562;R-HSA-9614423"
R-HSA-9009391,"Extra-nuclear estrogen signaling",1,111,0.007778011351692243,0.4344827631953545,0.4344827631953545,2,38,0.0027988509980113427,9606,Homo sapiens,"DAP","","R-HSA-9632868;R-HSA-9632873"
R-HSA-1912422,"Pre-NOTCH Expression and Processing",1,114,0.007988227874710952,0.4431627341158263,0.4431627341158263,2,38,0.0027988509980113427,9606,Homo sapiens,"TMED2","","R-HSA-1912382;R-HSA-1912379"
R-HSA-156827,"L13a-mediated translational silencing of Ceruloplasmin expression",1,120,0.00840866092074837,0.4601303512707179,0.4601303512707179,1,3,2.209619208956323E-4,9606,Homo sapiens,"EIF4H","","R-HSA-156823"
R-HSA-72706,"GTP hydrolysis and joining of the 60S ribosomal subunit",1,120,0.00840866092074837,0.4601303512707179,0.4601303512707179,1,3,2.209619208956323E-4,9606,Homo sapiens,"EIF4H","","R-HSA-72619"
R-HSA-6803157,"Antimicrobial peptides",1,123,0.00861887744376708,0.46842189425712455,0.46842189425712455,1,58,0.0042719304706488916,9606,Homo sapiens,"CHGA","","R-HSA-6808566"
R-HSA-5663202,"Diseases of signal transduction by growth factor receptors and second messengers",3,498,0.03489594282110574,0.47075413840542757,0.47075413840542757,5,484,0.03564852323782868,9606,Homo sapiens,"OS9;PSMC3;RPN1","","R-HSA-5387392;R-HSA-5362450;R-HSA-5483238;R-HSA-5387386;R-HSA-5387389"
R-HSA-5628897,"TP53 Regulates Metabolic Genes",1,126,0.00882909396678579,0.4765878102587072,0.4765878102587072,2,34,0.002504235103483833,9606,Homo sapiens,"YWHAQ","","R-HSA-5632738;R-HSA-5632732"
R-HSA-983168,"Antigen processing: Ubiquitination & Proteasome degradation",2,315,0.022072734916964473,0.4809087314430016,0.4809087314430016,1,9,6.628857626868969E-4,9606,Homo sapiens,"PSMC3;RPN1","","R-HSA-983150"
R-HSA-1592230,"Mitochondrial biogenesis",1,128,0.00896923831546493,0.4819628897254228,0.4819628897254228,1,36,0.0026515430507475877,9606,Homo sapiens,"ATP5F1A","","R-HSA-8949580"
R-HSA-72613,"Eukaryotic Translation Initiation",1,130,0.009109382664144069,0.487283519336305,0.487283519336305,7,21,0.0015467334462694261,9606,Homo sapiens,"EIF4H","","R-HSA-156823;R-HSA-72647;R-HSA-72697;R-HSA-72619;R-HSA-156808;R-HSA-157849;R-HSA-72621"
R-HSA-72737,"Cap-dependent Translation Initiation",1,130,0.009109382664144069,0.487283519336305,0.487283519336305,6,18,0.0013257715253737938,9606,Homo sapiens,"EIF4H","","R-HSA-72647;R-HSA-72697;R-HSA-72619;R-HSA-156808;R-HSA-157849;R-HSA-72621"
R-HSA-1257604,"PIP3 activates AKT signaling",2,319,0.022353023614322752,0.48754937364692097,0.48754937364692097,1,86,0.00633424173234146,9606,Homo sapiens,"PSMC3;RPN1","","R-HSA-8850992"
R-HSA-5673001,"RAF/MAP kinase cascade",2,322,0.022563240137341463,0.4924959634504644,0.4924959634504644,1,75,0.005524048022390808,9606,Homo sapiens,"PSMC3;RPN1","","R-HSA-5658430"
R-HSA-5684996,"MAPK1/MAPK3 signaling",2,329,0.02305374535771845,0.5039233798777144,0.5039233798777144,1,82,0.00603962583781395,9606,Homo sapiens,"PSMC3;RPN1","","R-HSA-5658430"
R-HSA-6809371,"Formation of the cornified envelope",1,138,0.009669960058860626,0.5080323390632843,0.5080323390632843,8,27,0.0019886572880606908,9606,Homo sapiens,"KRT8","","R-HSA-6810357;R-HSA-6811539;R-HSA-6814387;R-HSA-8942224;R-HSA-6814734;R-HSA-6814764;R-HSA-6814298;R-HSA-6810937"
R-HSA-195721,"Signaling by WNT",2,332,0.02326396188073716,0.5087711104704682,0.5087711104704682,6,157,0.011563673860204758,9606,Homo sapiens,"PSMC3;RPN1","","R-HSA-4608855;R-HSA-1504193;R-HSA-4641260;R-HSA-2130282;R-HSA-3640874;R-HSA-4641256"
R-HSA-8956319,"Nucleotide catabolism",1,144,0.010090393104898045,0.523048357565542,0.523048357565542,2,63,0.004640200338808279,9606,Homo sapiens,"ENTPD3","","R-HSA-8851110;R-HSA-8851129"
R-HSA-163685,"Integration of energy metabolism",1,145,0.010160465279237614,0.5255066921437819,0.5255066921437819,2,62,0.004566546365176402,9606,Homo sapiens,"ADIPOR1","","R-HSA-8848663;R-HSA-163691"
R-HSA-112315,"Transmission across Chemical Synapses",2,343,0.024034755798472425,0.5262863411102489,0.5262863411102489,3,163,0.012005597701996022,9606,Homo sapiens,"TUBA1A;TUBA4A","","R-HSA-9610627;R-HSA-9619542;R-HSA-9610408"
R-HSA-163200,"Respiratory electron transport, ATP synthesis by chemiosmotic coupling, and heat production by uncoupling proteins.",1,153,0.010721042673954172,0.5447286579299995,0.5447286579299995,3,31,0.002283273182588201,9606,Homo sapiens,"ATP5F1A","","R-HSA-164834;R-HSA-164832;R-HSA-164840"
R-HSA-428157,"Sphingolipid metabolism",1,158,0.011071403545652022,0.5563502064769952,0.5563502064769952,1,64,0.004713854312440156,9606,Homo sapiens,"PSAP","","R-HSA-1605591"
R-HSA-73887,"Death Receptor Signalling",1,159,0.011141475719991592,0.5586391571387688,0.5586391571387688,3,93,0.006849819547764602,9606,Homo sapiens,"MAGED1","","R-HSA-205115;R-HSA-204958;R-HSA-205132"
R-HSA-9006925,"Intracellular signaling by second messengers",2,366,0.02564641580828253,0.5615582979473231,0.5615582979473231,1,114,0.008396552994034029,9606,Homo sapiens,"PSMC3;RPN1","","R-HSA-8850992"
R-HSA-425393,"Transport of inorganic cations/anions and amino acids/oligopeptides",1,165,0.01156190876602901,0.5721302770027535,0.5721302770027535,1,75,0.005524048022390808,9606,Homo sapiens,"SLC7A8","","R-HSA-352191"
R-HSA-5693532,"DNA Double-Strand Break Repair",1,168,0.01177212528904772,0.5787224819894565,0.5787224819894565,10,111,0.008175591073138396,9606,Homo sapiens,"XRCC6","","R-HSA-5693574;R-HSA-5693575;R-HSA-5693604;R-HSA-5687360;R-HSA-5693599;R-HSA-5693615;R-HSA-5687183;R-HSA-5686924;R-HSA-5693533;R-HSA-5693578"
R-HSA-5683057,"MAPK family signaling cascades",2,380,0.026627426249036506,0.5821138193689265,0.5821138193689265,2,122,0.008985784783089047,9606,Homo sapiens,"PSMC3;RPN1","","R-HSA-5658430;R-HSA-5687112"
R-HSA-9610379,"HCMV Late Events",1,175,0.012262630509424707,0.5937172346752574,0.5937172346752574,2,19,0.0013994254990056714,9606,Homo sapiens,"HNRNPK","","R-HSA-9624033;R-HSA-9698926"
R-HSA-9711097,"Cellular response to starvation",1,176,0.012332702683764277,0.5958159167982056,0.5958159167982056,8,28,0.0020623112616925685,9606,Homo sapiens,"ATP6V0E2","","R-HSA-9640195;R-HSA-9640167;R-HSA-9639286;R-HSA-9646468;R-HSA-9640168;R-HSA-9645608;R-HSA-9640175;R-HSA-9645598"
R-HSA-162587,"HIV Life Cycle",1,179,0.012542919206782986,0.6020480189744657,0.6020480189744657,3,117,0.008617514914929661,9606,Homo sapiens,"XRCC6","","R-HSA-175174;R-HSA-175258;R-HSA-175177"
R-HSA-3108232,"SUMO E3 ligases SUMOylate target proteins",1,183,0.012823207904141265,0.6102102740449213,0.6102102740449213,1,131,0.009648670545775945,9606,Homo sapiens,"HNRNPK","","R-HSA-4570499"
R-HSA-72163,"mRNA Splicing - Major Pathway",1,185,0.012963352252820404,0.614229256622775,0.614229256622775,8,9,6.628857626868969E-4,9606,Homo sapiens,"HNRNPK","","R-HSA-72160;R-HSA-72130;R-HSA-156661;R-HSA-72139;R-HSA-72107;R-HSA-72124;R-HSA-72143;R-HSA-72127"
R-HSA-5668914,"Diseases of metabolism",2,409,0.02865951930488403,0.6224599958750889,0.6224599958750889,3,190,0.013994254990056713,9606,Homo sapiens,"PSAP","","R-HSA-5688884;R-HSA-5688899;R-HSA-5687875"
R-HSA-2990846,"SUMOylation",1,192,0.013453857473197394,0.627976474666244,0.627976474666244,1,140,0.010311556308462842,9606,Homo sapiens,"HNRNPK","","R-HSA-4570499"
R-HSA-72172,"mRNA Splicing",1,196,0.013734146170555673,0.6356138939996234,0.6356138939996234,8,14,0.0010311556308462842,9606,Homo sapiens,"HNRNPK","","R-HSA-72160;R-HSA-72130;R-HSA-156661;R-HSA-72139;R-HSA-72107;R-HSA-72124;R-HSA-72143;R-HSA-72127"
R-HSA-168255,"Influenza Infection",1,200,0.014014434867913952,0.6430966259584747,0.6430966259584747,1,59,0.004345584444280769,9606,Homo sapiens,"SLC25A6","","R-HSA-168878"
R-HSA-375276,"Peptide ligand-binding receptors",1,203,0.01422465139093266,0.6486090226929463,0.6486090226929463,2,77,0.005671355969654563,9606,Homo sapiens,"PSAP","","R-HSA-5336182;R-HSA-5336184"
R-HSA-1280215,"Cytokine Signaling in Immune system",5,1092,0.07651881437881017,0.6653373053600968,0.6653373053600968,8,708,0.05214701333136923,9606,Homo sapiens,"ARF1;PSMC3;RPN1;P4HB","","R-HSA-8950456;R-HSA-8950173;R-HSA-209061;R-HSA-5607731;R-HSA-5668481;R-HSA-8950113;R-HSA-5668520;R-HSA-8950183"
R-HSA-397014,"Muscle contraction",1,213,0.014925373134328358,0.6663841333110883,0.6663841333110883,4,42,0.0030934668925388523,9606,Homo sapiens,"TMOD1","","R-HSA-390597;R-HSA-390598;R-HSA-390593;R-HSA-390595"
R-HSA-71291,"Metabolism of amino acids and derivatives",3,665,0.04659799593581389,0.6670257937880654,0.6670257937880654,2,285,0.02099138248508507,9606,Homo sapiens,"PSMC3;RPN1;SERINC1","","R-HSA-353125;R-HSA-8932980"
R-HSA-71387,"Metabolism of carbohydrates",2,456,0.03195291149884381,0.6814768908317369,0.6814768908317369,2,243,0.017897915592546217,9606,Homo sapiens,"GAPDH","","R-HSA-70449;R-HSA-70482"
R-HSA-9012999,"RHO GTPase cycle",2,460,0.032233200196202086,0.6861419704410827,0.6861419704410827,3,91,0.006702511600500847,9606,Homo sapiens,"ATP6AP1;C1QBP","","R-HSA-9013004;R-HSA-9013009;R-HSA-9013110"
R-HSA-6805567,"Keratinization",1,226,0.015836311400742764,0.6881716260536672,0.6881716260536672,15,34,0.002504235103483833,9606,Homo sapiens,"KRT8","","R-HSA-6806629;R-HSA-6805573;R-HSA-6814734;R-HSA-6814764;R-HSA-6805546;R-HSA-6806613;R-HSA-6810357;R-HSA-6811539;R-HSA-6814387;R-HSA-6806610;R-HSA-6809393;R-HSA-6809663;R-HSA-8942224;R-HSA-6814298;R-HSA-6810937"
R-HSA-162582,"Signal Transduction",14,2997,0.21000630649569055,0.693221203054241,0.693221203054241,45,2454,0.18074685129262724,9606,Homo sapiens,"ATP6AP1;MAGED1;RPN1;TUBA4A;DAP;TUBA1A;OS9;PSMC3;YWHAQ;C1QBP;PSAP;TMED2;P4HB;ATP6V0E2","","R-HSA-5362448;R-HSA-749454;R-HSA-9013004;R-HSA-5635868;R-HSA-75016;R-HSA-2130282;R-HSA-5362459;R-HSA-205132;R-HSA-5610757;R-HSA-5358336;R-HSA-4608855;R-HSA-5610758;R-HSA-5362437;R-HSA-5358340;R-HSA-1504193;R-HSA-5610754;R-HSA-5362441;R-HSA-9013009;R-HSA-5610767;R-HSA-5635854;R-HSA-749456;R-HSA-3640874;R-HSA-5610760;R-HSA-204958;R-HSA-5687112;R-HSA-5672329;R-HSA-74723;R-HSA-1912382;R-HSA-1912379;R-HSA-5336182;R-HSA-5658430;R-HSA-5336184;R-HSA-4641260;R-HSA-380073;R-HSA-4641256;R-HSA-5666169;R-HSA-9604642;R-HSA-5252133;R-HSA-9632868;R-HSA-8850992;R-HSA-5610733;R-HSA-205115;R-HSA-9632873;R-HSA-5362412;R-HSA-9013110"
R-HSA-1428517,"The citric acid (TCA) cycle and respiratory electron transport",1,238,0.0166771774928176,0.7070343570789526,0.7070343570789526,3,67,0.004934816233335788,9606,Homo sapiens,"ATP5F1A","","R-HSA-164834;R-HSA-164832;R-HSA-164840"
R-HSA-112316,"Neuronal System",2,489,0.03426529325204961,0.7183362564222109,0.7183362564222109,3,216,0.015909258304485526,9606,Homo sapiens,"TUBA1A;TUBA4A","","R-HSA-9610627;R-HSA-9619542;R-HSA-9610408"
R-HSA-72203,"Processing of Capped Intron-Containing Pre-mRNA",1,256,0.01793847663092986,0.733237484012292,0.733237484012292,9,32,0.002356927156220078,9606,Homo sapiens,"HNRNPK","","R-HSA-72160;R-HSA-72130;R-HSA-72103;R-HSA-156661;R-HSA-72139;R-HSA-72107;R-HSA-72124;R-HSA-72143;R-HSA-72127"
R-HSA-15869,"Metabolism of nucleotides",1,256,0.01793847663092986,0.733237484012292,0.733237484012292,2,141,0.01038521028209472,9606,Homo sapiens,"ENTPD3","","R-HSA-8851110;R-HSA-8851129"
R-HSA-196849,"Metabolism of water-soluble vitamins and cofactors",1,256,0.01793847663092986,0.733237484012292,0.733237484012292,1,144,0.01060617220299035,9606,Homo sapiens,"CYB5R3","","R-HSA-198824"
R-HSA-8939211,"ESR-mediated signaling",1,257,0.018008548805269427,0.7346234081286555,0.7346234081286555,2,111,0.008175591073138396,9606,Homo sapiens,"DAP","","R-HSA-9632868;R-HSA-9632873"
R-HSA-202733,"Cell surface interactions at the vascular wall",1,257,0.018008548805269427,0.7346234081286555,0.7346234081286555,1,65,0.0047875082860720335,9606,Homo sapiens,"SLC7A8","","R-HSA-375131"
R-HSA-8953854,"Metabolism of RNA",3,783,0.05486651250788312,0.7708935722686105,0.7708935722686105,10,187,0.013773293069161082,9606,Homo sapiens,"HNRNPK;PSMC3;RPN1","","R-HSA-72160;R-HSA-72130;R-HSA-450466;R-HSA-72103;R-HSA-156661;R-HSA-72139;R-HSA-72107;R-HSA-72124;R-HSA-72143;R-HSA-72127"
R-HSA-1266738,"Developmental Biology",5,1263,0.0885011561908766,0.7847545064022752,0.7847545064022752,18,556,0.040951609339323854,9606,Homo sapiens,"TUBA1A;PSMC3;RPN1;KRT8;TUBA4A","","R-HSA-6806629;R-HSA-6805573;R-HSA-445071;R-HSA-6814734;R-HSA-6814764;R-HSA-6805546;R-HSA-6806613;R-HSA-6810357;R-HSA-445077;R-HSA-6811539;R-HSA-6814387;R-HSA-6806610;R-HSA-6809393;R-HSA-9011313;R-HSA-6809663;R-HSA-8942224;R-HSA-6814298;R-HSA-6810937"
R-HSA-211945,"Phase I - Functionalization of compounds",1,299,0.020951580127531358,0.7868406092368954,0.7868406092368954,1,98,0.007218089415923989,9606,Homo sapiens,"CYB5R3","","R-HSA-8936442"
R-HSA-1474244,"Extracellular matrix organization",1,329,0.02305374535771845,0.8177955099516606,0.8177955099516606,3,319,0.023495617588568902,9606,Homo sapiens,"P4HB","","R-HSA-1650808;R-HSA-8948234;R-HSA-2002460"
R-HSA-9006934,"Signaling by Receptor Tyrosine Kinases",2,618,0.04330460374185411,0.8300252664535039,0.8300252664535039,2,746,0.05494586432938057,9606,Homo sapiens,"ATP6AP1;ATP6V0E2","","R-HSA-74723;R-HSA-5252133"
R-HSA-196854,"Metabolism of vitamins and cofactors",1,379,0.026557354074696938,0.8598294102968368,0.8598294102968368,1,206,0.015172718568166753,9606,Homo sapiens,"CYB5R3","","R-HSA-198824"
R-HSA-73894,"DNA Repair",1,380,0.026627426249036506,0.8605640764058935,0.8605640764058935,10,337,0.0248213891139427,9606,Homo sapiens,"XRCC6","","R-HSA-5693574;R-HSA-5693575;R-HSA-5693604;R-HSA-5687360;R-HSA-5693599;R-HSA-5693615;R-HSA-5687183;R-HSA-5686924;R-HSA-5693533;R-HSA-5693578"
R-HSA-9006931,"Signaling by Nuclear Receptors",1,387,0.027117931469413496,0.8656014705662538,0.8656014705662538,2,192,0.014141562937320468,9606,Homo sapiens,"DAP","","R-HSA-9632868;R-HSA-9632873"
R-HSA-556833,"Metabolism of lipids",5,1444,0.10118421974633873,0.8730075577271976,0.8730075577271976,5,954,0.07026589084481108,9606,Homo sapiens,"ARF1;PSAP;PLD3","","R-HSA-1483142;R-HSA-1676152;R-HSA-1675883;R-HSA-8870499;R-HSA-1605591"
R-HSA-373076,"Class A/1 (Rhodopsin-like receptors)",1,412,0.02886973582790274,0.8821697850836678,0.8821697850836678,2,160,0.01178463578110039,9606,Homo sapiens,"PSAP","","R-HSA-5336182;R-HSA-5336184"
R-HSA-418594,"G alpha (i) signalling events",1,426,0.029850746268656716,0.8905503347135402,0.8905503347135402,3,74,0.005450394048758931,9606,Homo sapiens,"PSAP","","R-HSA-749454;R-HSA-749456;R-HSA-380073"
R-HSA-1430728,"Metabolism",14,3646,0.2554831476420713,0.9202148110241604,0.9202148110241604,19,2260,0.16645798040804302,9606,Homo sapiens,"ATP5F1A;ARF1;CYB5R3;PSMC3;ENTPD3;PSAP;RPN1;SERINC1;ADIPOR1;GAPDH;PLD3","","R-HSA-353125;R-HSA-164834;R-HSA-8851110;R-HSA-1676152;R-HSA-164832;R-HSA-8870499;R-HSA-163691;R-HSA-164840;R-HSA-198824;R-HSA-1605591;R-HSA-8848663;R-HSA-70449;R-HSA-1483142;R-HSA-8936442;R-HSA-1675883;R-HSA-1855214;R-HSA-70482;R-HSA-8932980;R-HSA-8851129"
R-HSA-3700989,"Transcriptional Regulation by TP53",1,487,0.03412514890337047,0.9207092262418927,0.9207092262418927,2,259,0.019076379170656257,9606,Homo sapiens,"YWHAQ","","R-HSA-5632738;R-HSA-5632732"
R-HSA-211859,"Biological oxidations",1,549,0.038469623712423795,0.9429442201054258,0.9429442201054258,1,188,0.013846947042792958,9606,Homo sapiens,"CYB5R3","","R-HSA-8936442"
R-HSA-500792,"GPCR ligand binding",1,606,0.04246373764977927,0.9578951832148808,0.9578951832148808,2,187,0.013773293069161082,9606,Homo sapiens,"PSAP","","R-HSA-5336182;R-HSA-5336184"
R-HSA-388396,"GPCR downstream signalling",1,786,0.05507672903090183,0.9840063436812412,0.9840063436812412,3,168,0.01237386757015541,9606,Homo sapiens,"PSAP","","R-HSA-749454;R-HSA-749456;R-HSA-380073"
R-HSA-212436,"Generic Transcription Pathway",3,1555,0.10896223109803098,0.9891703810026305,0.9891703810026305,10,830,0.06113279811445828,9606,Homo sapiens,"PSMC3;YWHAQ;RPN1","","R-HSA-8952408;R-HSA-9614562;R-HSA-8939801;R-HSA-9008475;R-HSA-9614423;R-HSA-9008110;R-HSA-5632738;R-HSA-8957265;R-HSA-5632732;R-HSA-9009362"
R-HSA-372790,"Signaling by GPCR",1,865,0.06061243080372784,0.9895847175731618,0.9895847175731618,5,355,0.02614716063931649,9606,Homo sapiens,"PSAP","","R-HSA-749454;R-HSA-5336182;R-HSA-5336184;R-HSA-749456;R-HSA-380073"
R-HSA-73857,"RNA Polymerase II Transcription",3,1694,0.11870226333123117,0.9942300701855065,0.9942300701855065,10,891,0.0656256905060028,9606,Homo sapiens,"PSMC3;YWHAQ;RPN1","","R-HSA-8952408;R-HSA-9614562;R-HSA-8939801;R-HSA-9008475;R-HSA-9614423;R-HSA-9008110;R-HSA-5632738;R-HSA-8957265;R-HSA-5632732;R-HSA-9009362"
R-HSA-74160,"Gene expression (Transcription)",3,1855,0.1299838833999019,0.9972829496721344,0.9972829496721344,10,1006,0.07409589747366871,9606,Homo sapiens,"PSMC3;YWHAQ;RPN1","","R-HSA-8952408;R-HSA-9614562;R-HSA-8939801;R-HSA-9008475;R-HSA-9614423;R-HSA-9008110;R-HSA-5632738;R-HSA-8957265;R-HSA-5632732;R-HSA-9009362"
