"","p_val","avg_logFC","pct.1","pct.2","p_val_adj"
"PPP1R1A",1.39440584638564e-57,1.15295903175192,0.872,0.347,8.53669203215755e-53
"SARAF",8.16638553779224e-44,1.15524686487221,0.983,0.951,4.99954289009179e-39
"DKK3",9.94329911986238e-43,-0.635857064447614,0.064,0.413,6.08738715417094e-38
"NPY",1.74707436355041e-39,-1.17984563465916,0.275,0.711,1.0695763961092e-34
"DAZAP2",6.4910267376463e-38,0.961526684042593,0.952,0.787,3.97387147905444e-33
"XBP1",2.38581453769975e-37,1.00029272133231,0.963,0.858,1.46061951812517e-32
"PDIA3",1.16756322339197e-33,0.965289981172074,0.968,0.884,7.14793880992796e-29
"PITHD1",7.43501812622055e-33,0.915588233234943,0.803,0.493,4.55179244705348e-28
"SLC3A2",8.04208541258394e-33,0.831533754589864,0.93,0.742,4.92344511043801e-28
"HSPA5",6.08156425787161e-32,1.25630144622925,0.968,0.902,3.72319445431158e-27
"RHBDD2",2.08831631418094e-31,0.801198595419259,0.944,0.796,1.27848813070471e-26
"SBDS",3.78493907034651e-31,0.873409364747389,0.929,0.747,2.31717754825684e-26
"YWHAQ",4.31321445625203e-31,0.777369705396704,0.978,0.933,2.64059302226206e-26
"TAGLN2",7.62188424807643e-30,0.759343125599467,0.885,0.609,4.66619375551487e-25
"UBE2D3",9.10477851444197e-30,0.657502000476067,0.979,0.924,5.57403645432652e-25
"TTR",1.09751624063656e-29,0.667668112744351,0.994,0.96,6.71910417680107e-25
"SLC7A8",9.2508694003845e-29,1.01562455212962,0.947,0.871,5.6634747556094e-24
"C1orf43",3.23921595176436e-28,0.696282963702493,0.911,0.751,1.98308039782966e-23
"CDKN1C",1.17438707854218e-27,-0.852729510440604,0.632,0.884,7.18971513354307e-23
"SHISAL1",1.36621396921459e-27,-0.345266358420759,0.138,0.453,8.36409854092866e-23
"FAIM2",5.51810941421286e-27,-0.343114472099457,0.017,0.2,3.37824176447525e-22
"CNBP",5.86504067832093e-27,0.60774139051529,0.983,0.911,3.59063655367486e-22
"RAB1A",1.25409468556461e-26,0.748054308262051,0.954,0.876,7.67769307449512e-22
"EPCAM",3.98747807192012e-26,0.765435008944427,0.985,0.973,2.44117395041022e-21
"SURF4",6.58199973987173e-26,0.758173690159128,0.963,0.924,4.02956606074687e-21
"ARF1",7.03595326827565e-26,0.653737530717295,0.974,0.933,4.30748095037103e-21
"PERP",3.90477616833413e-25,0.618290106241561,0.944,0.871,2.39054301801584e-20
"CIRBP",6.98134770245711e-25,0.578392854474982,0.977,0.88,4.27405087692127e-20
"ATP5ME",1.20509723757126e-24,-0.647971756257044,0.916,0.973,7.37772579813503e-20
"C12orf75",1.6973419114849e-24,0.570119380686573,0.852,0.591,1.03912969163017e-19
"HSP90AB1",1.74735246888857e-24,0.483363598177773,1,0.996,1.06974665497827e-19
"RHEB",5.25859496384955e-24,0.570440294652838,0.843,0.604,3.21936442281834e-19
"ATP6AP1",1.44844023912763e-23,0.698455772108915,0.93,0.844,8.86749598796327e-19
"TMED2",2.03155932759883e-22,0.50520672038529,0.97,0.893,1.24374093594928e-17
"IGFBP7",2.06678228509299e-22,0.435123572903174,0.728,0.422,1.26530478275678e-17
"RPS9",2.44067647712095e-22,0.538379785267896,0.961,0.893,1.49420654605821e-17
"XRCC6",3.76218035228135e-22,0.522553310664672,0.94,0.831,2.30324443347016e-17
"PPP1R15A",4.92739132162215e-22,0.714151557277598,0.708,0.422,3.0165982410103e-17
"TPM3",5.2105754039817e-22,0.537461698540225,0.954,0.849,3.18996636807164e-17
"TIMP2",7.9560053802076e-22,-0.822686755237751,0.644,0.849,4.8707460538169e-17
"NUDC",8.39796627413925e-22,0.591000193485542,0.905,0.773,5.14131893269079e-17
"SQSTM1",1.04170604108444e-21,0.4280998695535,0.882,0.64,6.37742855412303e-17
"MYDGF",1.28148161280429e-21,0.631406358710787,0.869,0.653,7.84535858174912e-17
"EIF4H",1.29970867612584e-21,0.615473594821704,0.793,0.6,7.95694648611002e-17
"ATP6V0D1",2.13017127347264e-21,0.735975630534826,0.895,0.724,1.30411215533268e-16
"UBE2D1",4.32040343599534e-21,0.857614653353303,0.594,0.307,2.64499418755071e-16
"EIF1",8.03395007576839e-21,0.52387434481037,0.999,1,4.91846457588617e-16
"MT-ND2",9.33257493183435e-21,0.401632993128507,1,1,5.71349569901831e-16
"KRT8",9.41890815493882e-21,0.612171687595414,0.893,0.711,5.76634976153509e-16
"UQCRFS1",1.12199223389655e-20,0.55073628682856,0.856,0.716,6.86894865513806e-16
"PAIP2",1.1692550025635e-20,0.40202774794139,0.925,0.72,7.158296051194e-16
"P4HB",1.83052576263468e-20,0.46659758206338,0.909,0.791,1.12066617714258e-15
"SIX3-AS1",2.53005889156977e-20,-0.412037648775937,0.17,0.444,1.54892735400793e-15
"COPE",4.31829193313435e-20,0.260771100251823,0.846,0.6,2.64370150438418e-15
"IGFBP5",5.7566793619918e-20,-0.510033633966913,0.294,0.609,3.524296672205e-15
"DAP",5.96306757684884e-20,0.589930855797606,0.81,0.622,3.65064960122263e-15
"DNAJB9",7.50899262326829e-20,0.590811005131337,0.88,0.684,4.59708037389108e-15
"SOX4",8.47152839057392e-20,-0.786486297815003,0.478,0.738,5.18635439599326e-15
"LMNA",1.01549117869134e-19,0.586292261855448,0.767,0.507,6.21693854506625e-15
"ERP44",1.10182066047238e-19,0.516225361608215,0.844,0.707,6.74545626547795e-15
"FBXO7",1.32884349521445e-19,0.521579839679112,0.899,0.778,8.13531276205235e-15
"HMGN2",1.47670183964071e-19,0.605083885210469,0.947,0.862,9.04051633246439e-15
"NFIA",1.58868809836649e-19,-0.51835126769056,0.382,0.693,9.72610740700951e-15
"TSPAN3",1.58924176037899e-19,0.524733396641629,0.963,0.924,9.72949698121622e-15
"MORF4L2",1.67463325980007e-19,0.455031314800382,0.968,0.916,1.0252272279822e-14
"CHMP1B",1.95062519977629e-19,0.393588988135134,0.836,0.591,1.19419225355505e-14
"TUBA4A",2.29366811084518e-19,0.638439942570305,0.855,0.64,1.40420655414053e-14
"TMOD1",2.95378538085454e-19,0.542204314221392,0.846,0.618,1.80833694801296e-14
"STXBP5",3.54579793009727e-19,-0.515642958531719,0.466,0.769,2.17077295078485e-14
"ARF5",7.09415587205648e-19,0.374928885805377,0.785,0.516,4.3431131664317e-14
"STX3",1.10164820287553e-18,0.483459710449369,0.749,0.516,6.7444004628243e-14
"RPL3",1.3841631476109e-18,0.556464056712091,0.999,0.991,8.47398520598871e-14
"HSPE1",1.43850174816851e-18,-0.421929563527648,0.869,0.964,8.80665155246243e-14
"AC055839.2",1.54417247791358e-18,0.271305936234012,0.589,0.258,9.45357832703474e-14
"GADD45B",1.68514398645783e-18,0.715577662054202,0.589,0.307,1.03166199994935e-13
"MCUB",2.47319004897706e-18,0.510653416704516,0.664,0.387,1.51411167988425e-13
"LAPTM4A",3.26013682854107e-18,0.492583446843796,0.962,0.924,1.99588836780113e-13
"FXYD2",3.29569016510974e-18,0.352405083699977,0.839,0.489,2.01765447598183e-13
"PKIB",3.55672891897238e-18,0.46772645065875,0.801,0.573,2.17746501148408e-13
"ISCU",3.94251725516618e-18,0.474719554132064,0.922,0.742,2.41364848878529e-13
"GAPDH",4.37625618006696e-18,0.401306872810258,0.972,0.884,2.67918779599879e-13
"MT-RNR2",5.44929842710439e-18,0.394642924850219,1,1,3.33611499005758e-13
"GHITM",6.30033800949207e-18,0.470760830472676,0.944,0.884,3.85712993279114e-13
"RBP4",6.71492976818011e-18,0.667030719286426,0.766,0.48,4.11094715337755e-13
"SIX3",8.40819422090812e-18,-0.255865321268077,0.226,0.52,5.14758058398216e-13
"ITM2B",1.3900565975973e-17,0.475892595325656,0.989,0.978,8.51006549615045e-13
"WBP11",1.66860003802141e-17,0.507724584383208,0.854,0.716,1.02153362927709e-12
"CFC1",1.8453189337972e-17,0.572995414785899,0.862,0.742,1.12972270445998e-12
"SLC25A6",2.63336083142366e-17,0.437571368459685,0.957,0.884,1.61216983460588e-12
"EWSR1",3.63086052070027e-17,0.41859737963381,0.909,0.764,2.22284911937791e-12
"EEF1A1",3.71767792362756e-17,0.752194961255634,0.99,1,2.27599960162403e-12
"TNFRSF12A",4.07086005906363e-17,0.468098425195278,0.633,0.387,2.49222123675935e-12
"PDIA6",4.21519974333664e-17,0.516393334689915,0.868,0.751,2.58058743486812e-12
"GOLT1A",6.03719554546402e-17,0.326146334688224,0.436,0.147,3.69603148488853e-12
"MT-TE",7.19894471618821e-17,-0.284967112935048,0.62,0.76,4.40726594469759e-12
"TCF4",7.38854229682886e-17,-0.455949240181448,0.4,0.689,4.5233394795416e-12
"GORASP2",7.68709502027401e-17,0.484056395373546,0.844,0.64,4.70611644236195e-12
"SNX3",1.19224949142736e-16,0.484553414871792,0.887,0.804,7.29907061146745e-12
"PGRMC1",1.21150017110618e-16,0.55230141188342,0.706,0.493,7.41692519752912e-12
"QPCT",1.36359578629186e-16,0.515699561654349,0.962,0.929,8.34806976325739e-12
"LIMCH1",1.46941786298766e-16,-0.809773579412822,0.667,0.858,8.99592309899673e-12
"MLF2",1.47873584556738e-16,0.467355659054053,0.82,0.676,9.05296872014804e-12
"DDOST",1.54146827031213e-16,0.526059251254806,0.837,0.636,9.43702289767786e-12
"C1QBP",1.6525857490927e-16,0.465247992670658,0.778,0.604,1.01172952145204e-11
"CTBP1",1.66789908230364e-16,-0.79063024430056,0.883,0.884,1.02110449717711e-11
"DNAJB11",1.71506480315039e-16,0.281560233165723,0.68,0.409,1.0499798231367e-11
"LUC7L3",2.40359479651817e-16,-0.703100592262243,0.73,0.853,1.47150477037639e-11
"DNTTIP2",3.37653755947706e-16,0.622202589885009,0.866,0.756,2.06715005928745e-11
"NDUFB2",3.95706288294922e-16,-0.52434002579076,0.97,0.991,2.42255346757034e-11
"MLF1",4.22649162696306e-16,0.696892009311318,0.624,0.36,2.58750043894306e-11
"FAM174A",4.2357425221494e-16,0.492602134448729,0.628,0.4,2.59316392948508e-11
"PPIB",5.18116389310356e-16,0.261856410486886,0.917,0.747,3.17196034699693e-11
"HNRNPA1",6.08770911996019e-16,0.520288683737946,0.944,0.893,3.72695640033083e-11
"TNRC6B",7.27627778878744e-16,-0.572001637976971,0.753,0.924,4.45461002507356e-11
"CEBPG",7.88573433293964e-16,0.352570468553297,0.607,0.316,4.82772541596898e-11
"NDUFB1",8.22164141945199e-16,-0.788715179582187,0.92,0.969,5.0333710934027e-11
"CST3",9.22992582524094e-16,0.265567035569535,0.978,0.933,5.65065288947075e-11
"BEX4",9.94160088765699e-16,0.499993875144451,0.905,0.804,6.08634747943249e-11
"PPP2CA",1.23721953055248e-15,0.456780400611543,0.854,0.711,7.57438168799533e-11
"ARG2",1.64396465059439e-15,0.298085126465268,0.545,0.258,1.00645159874039e-10
"NEU1",1.83789080890488e-15,0.58841155792379,0.779,0.658,1.12517513211966e-10
"MAP1LC3A",1.85356149502977e-15,0.316925479765672,0.698,0.458,1.13476888287218e-10
"ALDOB",2.06109338880687e-15,-1.14146819314921,0.089,0.276,1.26182198356145e-10
"CHGA",2.13590335692874e-15,0.433455696886128,0.985,0.92,1.30762139414535e-10
"CXXC4",2.49127972082774e-15,-0.567289227740717,0.5,0.742,1.52518635788795e-10
"ZNF165",2.85549237178214e-15,0.481619327252499,0.514,0.236,1.74816098492874e-10
"ATP6V0E2",2.9610167689436e-15,0.428917070487125,0.756,0.56,1.81276407611496e-10
"S100A11",3.33452605682864e-15,-0.454619008746471,0.666,0.853,2.04143019725106e-10
"SPINT2",3.5231342166994e-15,0.341627330009213,0.872,0.724,2.15689799880554e-10
"PGAM1",3.91810540342429e-15,0.341650860323663,0.787,0.609,2.39870330903038e-10
"HM13",4.26539570532183e-15,0.472829504120603,0.852,0.733,2.61131790475508e-10
"SDF2L1",4.74207749345432e-15,0.365678851115975,0.71,0.498,2.90314726226767e-10
"SBDSP1",4.91427230317025e-15,0.363450896814984,0.657,0.409,3.00856664672386e-10
"SMIM6",5.57227409137224e-15,0.345387954706476,0.414,0.142,3.411401921479e-10
"MT-ATP8",6.67508374551372e-15,-0.433934532101989,0.997,0.991,4.08655301984096e-10
"RBM3",6.77370778490353e-15,0.600811562311725,0.807,0.702,4.14693164299579e-10
"UCHL1",7.30664045268549e-15,0.300638572238336,0.983,0.96,4.47319835153859e-10
"TMEM9B",1.03814500614193e-14,0.453256311896318,0.708,0.52,6.35562754210151e-10
"COX6A1",1.13415059213768e-14,-0.272854065984701,0.962,0.982,6.94338334012606e-10
"PSMD7",1.43644614717285e-14,0.338302366218847,0.871,0.733,8.79406695760689e-10
"TUBA1C",1.6883495605906e-14,0.277971101487494,0.669,0.413,1.03362448448917e-09
"CLU",1.89898284597615e-14,0.455890874582798,0.959,0.796,1.16257628813506e-09
"SELENOK",1.99009034117131e-14,0.424469465496565,0.977,0.956,1.21835320776849e-09
"HERPUD1",2.01782951517429e-14,0.505644683122665,0.944,0.862,1.23533540748485e-09
"TUBA1A",2.24708014585653e-14,0.811341002466742,0.975,0.978,1.37568493609482e-09
"ATP5F1B",2.28562185066458e-14,0.375684427876905,0.963,0.951,1.39928055319536e-09
"PSAP",2.64138772992655e-14,0.478704150817158,0.993,0.951,1.61708398213833e-09
"PNPLA8",2.666319979859e-14,0.511618843506253,0.738,0.533,1.63234775486948e-09
"PLPP5",2.72308585206277e-14,0.429942293292615,0.864,0.76,1.66710038949135e-09
"STRAP",2.84180072277558e-14,0.389174720298138,0.907,0.796,1.73977882049043e-09
"UBC",2.98878963612093e-14,0.689914690851256,0.992,0.996,1.8297669031296e-09
"CISD2",3.54312669626776e-14,0.266163049930188,0.817,0.72,2.16913759472208e-09
"PLAAT3",3.85957189874093e-14,0.375458304224925,0.697,0.502,2.36286851212818e-09
"MOAP1",4.22548638189918e-14,0.560310234934201,0.579,0.36,2.5868850178625e-09
"HNRNPK",4.78608000711789e-14,0.380722529744192,0.886,0.818,2.93008604115764e-09
"SEC61A1",4.98138954288005e-14,0.491637282299657,0.799,0.644,3.0496564920466e-09
"CLTRN",5.10693053752838e-14,0.308996545960067,0.384,0.129,3.12651394438025e-09
"RFX2",5.72050397385897e-14,0.256341320487701,0.603,0.338,3.5021497378362e-09
"MZT2B",7.02547869631168e-14,-0.327641314499901,0.822,0.867,4.30106831266897e-09
"DCP1A",7.18859966066991e-14,0.594556452932857,0.663,0.467,4.40093259825873e-09
"HNRNPC",7.31550226950843e-14,0.400307702040657,0.946,0.916,4.47862364441576e-09
"PLD3",7.99358363052815e-14,0.441907029221968,0.87,0.782,4.89375183444564e-09
"MRFAP1",8.26763672457291e-14,0.400669143078951,0.891,0.844,5.06152987915078e-09
"MAGED2",8.30048529842009e-14,0.480397199121944,0.892,0.791,5.08164010454577e-09
"SERF2",9.14038812588394e-14,-0.415409909503586,0.992,0.991,5.59583701454741e-09
"TMEM59",9.78465959328877e-14,0.403620105967699,0.995,0.987,5.99026644960732e-09
"ARL6IP1",1.00051256235861e-13,0.323747198596835,0.854,0.68,6.12523795801567e-09
"RAP1B",1.02573029786523e-13,0.373614338604702,0.8,0.613,6.27962345656072e-09
"RPL26",1.15088378992513e-13,-0.258405152605064,0.845,0.942,7.04582565030066e-09
"CLPTM1",1.29067380454859e-13,0.311563277718744,0.555,0.284,7.90163409882693e-09
"SERINC1",1.31860108666585e-13,0.352982488138414,0.979,0.884,8.072607712677e-09
"CHMP2B",1.38251890750482e-13,0.410329715689501,0.785,0.582,8.46391900363527e-09
"GPX4",1.67789254555493e-13,0.33492843415023,0.978,0.929,1.02722259531419e-08
"CYB5R1",1.74336606985888e-13,0.438098820734362,0.638,0.396,1.06730614162831e-08
"TMEM38B",1.74810021783425e-13,0.295587268250779,0.554,0.302,1.0702044343603e-08
"C22orf42",2.73286733392348e-13,0.920211946215844,0.641,0.462,1.67308871050129e-08
"BCAS2",3.49386852916572e-13,0.51144840249516,0.769,0.604,2.13898125224055e-08
"SAMD12",3.81800443199683e-13,-0.338673409774733,0.423,0.698,2.33742049331278e-08
"ANKRD36C",3.88230923356669e-13,-0.374747663217857,0.495,0.729,2.37678853588186e-08
"RUNX1T1",4.16675853652315e-13,-0.56085106403603,0.474,0.653,2.55093124364484e-08
"ATP5F1A",4.18312025087982e-13,0.396520823225051,0.972,0.947,2.56094804879113e-08
"REEP3",4.21300326768247e-13,-0.527621136933079,0.505,0.72,2.57924273050788e-08
"CDC42",4.61097331450543e-13,0.486445493167789,0.938,0.911,2.82288397287337e-08
"PRICKLE2",4.77373744254608e-13,-0.284456227502838,0.102,0.289,2.92252979970114e-08
"OSCP1",4.95000325012181e-13,0.428578895758897,0.43,0.182,3.03044148975707e-08
"FTX",5.36935525075879e-13,-0.605878286272259,0.467,0.702,3.28717297806704e-08
"TSPYL2",5.46823967675124e-13,0.376715291047671,0.73,0.511,3.34771101250388e-08
"BSG",7.30691077789522e-13,0.353301204523792,0.913,0.809,4.47336384733523e-08
"STMN2",7.94233384375565e-13,-0.483450297310594,0.54,0.791,4.86237620248565e-08
"HMGN1",8.30199211361945e-13,0.390891620051608,0.891,0.867,5.08256259187896e-08
"OAZ2",9.2972176220667e-13,0.514988841750568,0.716,0.547,5.69184960040545e-08
"NDUFB3",9.47846709296626e-13,-0.302196070826867,0.723,0.876,5.80281233898487e-08
"SNRPB",1.03868667281386e-12,0.287015977348937,0.759,0.578,6.35894367963376e-08
"DDX17",1.07333457377547e-12,-0.504161739968779,0.69,0.867,6.57106159411079e-08
"RTN3",1.13070162888026e-12,0.389697261669109,0.909,0.867,6.92226844216782e-08
"PDLIM1",1.16422565218563e-12,0.357239359529879,0.707,0.516,7.12750586524567e-08
"CSRP1",1.28314435038248e-12,0.430979078244168,0.686,0.511,7.85553802747657e-08
"TAF7",1.33757890949e-12,0.398490973462652,0.89,0.809,8.18879184178875e-08
"TUBB2A",1.5364284306276e-12,0.250321450868343,0.598,0.356,9.40616849514522e-08
"SMPDL3A",1.7235446435908e-12,0.435869010294321,0.551,0.324,1.05517126625272e-07
"TIAL1",1.82064553205689e-12,-0.730517235060231,0.632,0.782,1.11461740118055e-07
"ERLEC1",1.84990003044661e-12,0.372979875920905,0.932,0.831,1.13252729763972e-07
"CLIC1",1.94183248147903e-12,0.434559526749849,0.874,0.742,1.18880926348627e-07
"ACTB",2.02348842842717e-12,0.525933844929727,0.997,0.978,1.2387998507674e-07
"VKORC1",2.24297274998804e-12,-0.307138653593783,0.801,0.898,1.37317034727018e-07
"BZW1",2.90301893797983e-12,0.349061504646621,0.8,0.676,1.77725722402063e-07
"UBE2L3",3.54756336170938e-12,0.284816873272097,0.901,0.804,2.1718537656721e-07
"P4HTM",3.86403363613018e-12,0.501412603562492,0.753,0.609,2.36560003237526e-07
"PCSK1N",3.95891672781232e-12,0.326048660013452,0.983,0.964,2.42368840993398e-07
"TECR",4.05395006348045e-12,0.306683348651327,0.844,0.698,2.48186876836337e-07
"DGKB",4.21158531445736e-12,-0.289679522730004,0.137,0.333,2.57837464536394e-07
"HHATL",4.54982385165649e-12,0.269001921857293,0.26,0.053,2.78544766022262e-07
"ADAM10",4.74679617730359e-12,-0.430433280987416,0.429,0.658,2.90603608770703e-07
"MAP2K3",4.97033867467773e-12,0.353854776642136,0.546,0.32,3.04289104002446e-07
"HOPX",5.11322811811386e-12,0.402381855806063,0.738,0.524,3.13036938619048e-07
"NDUFC2",5.26376750532178e-12,-0.253077505650667,0.878,0.964,3.22253110443305e-07
"RAB2A",5.32669389127267e-12,0.320271276527503,0.94,0.907,3.26105526717604e-07
"UBA6",5.33087323692155e-12,-0.747790903042292,0.464,0.667,3.26361390437574e-07
"EI24",5.72467616299626e-12,0.475003085603907,0.8,0.72,3.50470399374794e-07
"S100A6",6.09328034103507e-12,-0.809084847668608,0.828,0.889,3.73036715758508e-07
"C7orf50",6.14460632583216e-12,0.320354463755457,0.655,0.484,3.76178943873771e-07
"OCIAD2",6.37885574458653e-12,0.30022580833288,0.933,0.862,3.90519927539332e-07
"SOX5",6.70470205745837e-12,-0.345205954101831,0.177,0.382,4.10468564659659e-07
"DDIT3",7.63807667153832e-12,0.458966025126847,0.8,0.582,4.67610691908247e-07
"PCP4",8.4572469307026e-12,0.411119098898532,0.818,0.604,5.17761114344544e-07
"RCAN2",8.48756238782225e-12,0.359628918029137,0.609,0.378,5.19617056944866e-07
"H3F3B",9.33889895555557e-12,0.449038740185933,0.991,0.987,5.71736732958068e-07
"PSMD12",9.48646462869237e-12,0.390899745211921,0.844,0.684,5.80770851033176e-07
"CRY2",9.55658618902484e-12,0.376683314312556,0.538,0.324,5.8506376307829e-07
"HSP90B1",1.00369832221796e-11,0.277206448292469,0.982,0.96,6.14474149845056e-07
"PRMT1",1.02727505055904e-11,0.288898994619252,0.659,0.489,6.28908058702749e-07
"TPD52",1.08386118384888e-11,0.296701457109532,0.96,0.871,6.63550655364126e-07
"SLC25A4",1.11268867012816e-11,0.34597707749761,0.78,0.636,6.8119913073916e-07
"RPS27L",1.15969269501465e-11,-0.453118368715019,0.737,0.92,7.0997546481492e-07
"CRY1",1.43496622528354e-11,0.264472421248231,0.574,0.329,8.78500672780837e-07
"GLCCI1",1.46500727897314e-11,-0.280016302367971,0.192,0.4,8.96892106260144e-07
"PEBP1",1.76956458148077e-11,0.399909061154295,0.987,0.982,1.08334513242834e-06
"DSTN",1.81476120398623e-11,0.257273649251804,0.994,0.996,1.11101495669241e-06
"SARS",1.86544732234245e-11,0.439100314033505,0.905,0.862,1.14204550521127e-06
"SLC29A1",1.88102611456379e-11,0.488586786934979,0.748,0.627,1.1515829975971e-06
"CPE",1.95375364276961e-11,0.503253206666423,0.997,1,1.19610751763998e-06
"PER2",2.0080371385045e-11,0.53891908547842,0.734,0.578,1.22934041656384e-06
"YWHAZ",2.0597333007299e-11,0.332610979052883,0.976,0.947,1.26098932403985e-06
"IRS2",2.1237296627097e-11,0.346575460334713,0.671,0.484,1.30016853680751e-06
"BCL7B",2.17411370383701e-11,0.366858940451122,0.583,0.369,1.33101415062605e-06
"PIFO",2.21058081574268e-11,0.305877357562497,0.362,0.138,1.35333968120583e-06
"TTC14",2.34583127549856e-11,-0.329578653859166,0.272,0.516,1.43614136517297e-06
"EIF1B",2.44773811666607e-11,0.418889976777166,0.906,0.831,1.49852975240414e-06
"CD82",2.45153932208005e-11,0.356248537544671,0.453,0.24,1.50085688837063e-06
"KIAA1324",2.66339841624881e-11,0.375203398747818,0.963,0.929,1.63055914441169e-06
"TOB1",2.75106425639541e-11,-0.846925053311677,0.643,0.747,1.68422904840783e-06
"HSPA9",2.90265242218795e-11,0.335365228481546,0.926,0.84,1.77703283938769e-06
"CEP126",3.89799287458450e-11,-0.276873897636259,0.415,0.64,2.38639021774938e-06
"CPSF2",3.95679896488672e-11,-0.277237522444125,0.354,0.609,2.4223918942933e-06
"FRYL",4.04512483542345e-11,-0.316725791157921,0.345,0.582,2.47646587549459e-06
"HSPA13",4.34977371419096e-11,0.368710393872888,0.737,0.529,2.66297496556485e-06
"GUK1",4.64420857278866e-11,0.332059228524733,0.936,0.831,2.84323093034694e-06
"CRELD2",4.65097166186283e-11,0.453625560719447,0.56,0.356,2.84737136110904e-06
"UQCRC1",4.68631326769081e-11,0.397046894752524,0.805,0.631,2.86900784561299e-06
"GABARAPL1",4.73804018984536e-11,0.353447158313148,0.669,0.489,2.90067558462523e-06
"UQCR10",4.79479809364475e-11,-0.276162149656963,0.902,0.924,2.93542334091025e-06
"ADIPOR1",5.0764578367012e-11,0.382612952180712,0.833,0.747,3.10785825220684e-06
"SLC25A3",5.17046690268237e-11,0.425357893191509,0.918,0.876,3.16541154249117e-06
"CCDC47",5.34092300438838e-11,0.375555240523637,0.793,0.662,3.26976647251661e-06
"QDPR",5.41367187522669e-11,0.375126911625821,0.756,0.582,3.31430405873253e-06
"TUSC3",5.52630458575236e-11,0.359242757501496,0.913,0.858,3.38325893044345e-06
"NEDD8",5.87633584887016e-11,-0.386502609386576,0.874,0.884,3.5975515700368e-06
"PSMB1",6.3687904933302e-11,0.304525750840131,0.978,0.978,3.89903722792168e-06
"ILF2",6.44795244548189e-11,0.468012605890416,0.828,0.742,3.94750096664846e-06
"LGALS3BP",6.73354740548872e-11,0.412058433589832,0.857,0.773,4.12234505711425e-06
"ODC1",7.08912827292913e-11,0.327313150299955,0.645,0.449,4.34003521996994e-06
"STARD3NL",7.2009693308307e-11,0.407472667866136,0.666,0.507,4.40850543402786e-06
"PDS5B",7.54049353563184e-11,-0.471956160543682,0.516,0.724,4.61636554744917e-06
"CACYBP",8.28723268510297e-11,0.415990106331885,0.862,0.782,5.07352672214689e-06
"DEDD2",8.44509833257139e-11,0.323961967623809,0.528,0.311,5.17017365018353e-06
"SDHB",8.58513970009714e-11,0.38356243077747,0.806,0.689,5.25590837579647e-06
"SH3GL2",9.45391952840219e-11,0.357488386074977,0.699,0.507,5.7877840744831e-06
"SNRPA1",9.89817249185913e-11,0.429995366800363,0.636,0.476,6.05976018124108e-06
"KLHDC2",1.04702841873435e-10,0.326749301727757,0.624,0.427,6.41001268233355e-06
"MT-ND5",1.10293268137077e-10,0.352445913820061,0.999,1,6.75226416862e-06
"HIST1H4C",1.14088326196926e-10,-0.36222021828767,0.895,0.916,6.98460141810203e-06
"ZMAT3",1.17430223040841e-10,-0.424900874886836,0.372,0.582,7.18919568478335e-06
"GRIN2A",1.19371677521208e-10,-0.274270088023575,0.128,0.302,7.30805346952587e-06
"YIF1A",1.24250077439101e-10,0.282314768460772,0.756,0.618,7.60671399089919e-06
"SLC43A2",1.31143832895843e-10,-0.294224009765141,0.329,0.551,8.0287565937164e-06
"KDELR1",1.32597107894631e-10,0.273825793190557,0.857,0.791,8.11772754241723e-06
"PPP3CA",1.38740154167159e-10,-0.663067530219265,0.698,0.827,8.49381097826766e-06
"WDR45B",1.42946275572185e-10,0.359357749655579,0.693,0.533,8.75131393680473e-06
"SNRPN",1.83961226448656e-10,-0.279969289685406,0.93,0.924,1.12622902444131e-05
"TCTA",1.94420173964761e-10,0.430321327746953,0.616,0.462,1.19025974702967e-05
"RSL24D1",2.04077893441652e-10,0.268761248610561,0.779,0.658,1.24938527143914e-05
"EIF4B",2.16066939995096e-10,0.359901435895332,0.922,0.862,1.32278341334398e-05
"CYSTM1",2.22525001366302e-10,0.262661156365853,0.972,0.92,1.36232031086463e-05
"UBE2J1",2.25277588172739e-10,0.289534310934418,0.694,0.52,1.37917192255233e-05
"PSMC3",2.38287984411201e-10,0.376217477470667,0.801,0.64,1.45882286936381e-05
"TOR1AIP1",2.38857942340106e-10,0.381433692365077,0.653,0.493,1.46231220880036e-05
"GADD45A",2.4037434783675e-10,0.483411303126165,0.631,0.453,1.47159579489137e-05
"ETV1",2.50643289967402e-10,-0.417827218001608,0.368,0.591,1.53446328550943e-05
"WBP2",2.50883116046281e-10,0.277010999034171,0.706,0.547,1.53593152474694e-05
"SIVA1",2.75648681292699e-10,0.354868899278833,0.776,0.64,1.68754879174203e-05
"ARFIP2",2.85425981024882e-10,0.382318724319624,0.551,0.36,1.74740639843243e-05
"VAPA",2.97231322178545e-10,0.293260207969168,0.957,0.92,1.81967987750927e-05
"RPN1",3.14930354158183e-10,0.377377002518742,0.908,0.782,1.92803512119181e-05
"MAP1LC3B",3.67246047977293e-10,0.423404226982648,0.897,0.844,2.24831703032178e-05
"TBC1D15",4.0077438045925e-10,0.321148642752097,0.629,0.462,2.45358083460958e-05
"PSMD10",4.00890222216483e-10,0.384619004157871,0.694,0.489,2.45429002943153e-05
"STEAP2",4.12239745543431e-10,-0.356209516784936,0.378,0.604,2.52377294619144e-05
"CHCHD2",4.37196527197264e-10,0.334527125484468,0.968,0.947,2.67656085915437e-05
"FTH1",4.45647525183743e-10,0.376382527300056,0.979,0.876,2.72829871392739e-05
"YARS",4.7738723204851e-10,0.406509618707134,0.61,0.436,2.92261237332419e-05
"MTATP6P1",4.86411490434429e-10,-0.528431084306665,0.995,1,2.97785978558862e-05
"ENTPD3",4.90734093103396e-10,0.30986459256658,0.675,0.467,3.0043231913883e-05
"FAM114A1",5.23400511866508e-10,-0.439698432641129,0.411,0.622,3.20431027369795e-05
"PPP2R1A",5.2965268357148e-10,0.35409480087342,0.848,0.756,3.24258669409295e-05
"GLRX5",5.68551941558871e-10,0.287514471259631,0.575,0.378,3.48073184141756e-05
"RAB7A",5.72250187494233e-10,0.294329458472122,0.915,0.831,3.50337287285845e-05
"MUL1",5.72936428833476e-10,0.433835249428919,0.47,0.289,3.50757411096142e-05
"SRP68",5.89895248377118e-10,0.308908204595861,0.622,0.422,3.61139770008955e-05
"PLPP3",6.31756809468316e-10,-0.371092462895766,0.033,0.138,3.86767836324598e-05
"APLP1",6.51926404112951e-10,0.275751815181627,0.848,0.791,3.9911586386199e-05
"PEMT",6.54971317370843e-10,-0.477949225704369,0.751,0.858,4.00979990207604e-05
"ATRX",6.6658923841466e-10,-0.518682198904429,0.816,0.929,4.08092597649839e-05
"TMEM230",6.78551400760575e-10,0.365224856096449,0.866,0.791,4.15415953059631e-05
"CRIP2",7.06857165829947e-10,0.333540963476752,0.787,0.671,4.32745025492752e-05
"TBC1D24",7.24029722900403e-10,-0.541396094179575,0.397,0.582,4.43258236656856e-05
"PRNP",7.47323859441719e-10,0.421666690633958,0.823,0.707,4.57519139988815e-05
"NT5C3A",8.10087577602304e-10,0.320914424616238,0.6,0.431,4.95943715883906e-05
"BLOC1S2",8.42997024826703e-10,0.302085731420041,0.741,0.573,5.16091208569156e-05
"TMCO3",8.48423190038862e-10,0.318925773347799,0.76,0.636,5.19413161173692e-05
"VIM",8.70012392802181e-10,-0.501893777892688,0.111,0.262,5.32630286997423e-05
"INSR",9.02358562272696e-10,-0.297689201747417,0.546,0.764,5.52432935408967e-05
"ARID5B",9.49170110361116e-10,0.263046669575185,0.844,0.649,5.81091433264179e-05
"ARID2",9.66766632626655e-10,-0.497402826708875,0.413,0.609,5.91864200160365e-05
"RHOBTB3",9.70563141050819e-10,-0.42675432423384,0.677,0.836,5.94188460582722e-05
"AKR7A2",1.00636658215747e-09,0.360646219716419,0.6,0.418,6.16107685262627e-05
"RPS19",1.06398230279448e-09,-0.552396986101702,0.989,0.991,6.51380605593811e-05
"RIOK3",1.07869958458855e-09,0.303092896600383,0.674,0.524,6.60390672680958e-05
"PKIG",1.24357366224755e-09,0.280415132217059,0.662,0.516,7.61328231764574e-05
"EAF1",1.35919408172251e-09,0.416766110636638,0.768,0.671,8.3211220877134e-05
"LSAMP",1.52541406209855e-09,-0.37524632252194,0.407,0.613,9.33873742957352e-05
"MTCH1",1.53533366603747e-09,0.263055073592814,0.849,0.796,9.39946623684802e-05
"BTF3",1.57912857060871e-09,0.257011788743459,0.959,0.907,9.66758302212361e-05
"ARL4C",1.59194742093832e-09,-0.458073098573046,0.344,0.569,9.74606130572649e-05
"KPNA2",1.59873833423142e-09,0.47045125215684,0.556,0.364,9.78763595599819e-05
"ZFAND5",1.6940045124521e-09,0.344838502065757,0.889,0.849,0.00010370865025683
"YPEL5",1.7623551280275e-09,0.396334370909865,0.868,0.809,0.000107893143292972
"NR0B1",1.82227696725913e-09,0.259687611158514,0.511,0.284,0.000111561618212571
"STAT2",1.82667062882623e-09,-0.261539121911985,0.528,0.742,0.000111830602567371
"NEAT1",1.88373500085476e-09,-0.483612061388774,0.644,0.769,0.000115324140487329
"GAMT",1.91956097854411e-09,0.289339291000301,0.602,0.444,0.000117517442667449
"PRXL2C",1.97570593003045e-09,0.306052351691181,0.8,0.662,0.000120954692742394
"PUF60",1.99195425063887e-09,0.350991072665149,0.662,0.498,0.000121949431178362
"SYNE2",2.16106870409668e-09,-0.48096323385754,0.755,0.889,0.000132302787133503
"NDUFA11",2.16368056779375e-09,-0.269864342079764,0.744,0.831,0.000132462688040901
"TBCC",2.22850271201207e-09,0.296121715374902,0.653,0.44,0.000136431164532091
"AKAP12",2.27750780830458e-09,-0.400379733898622,0.16,0.329,0.000139431305532214
"ID1",2.30503649869119e-09,-0.42735929567449,0.259,0.471,0.000141116639486373
"UBE2G1",2.33397829668836e-09,0.252777144086232,0.587,0.396,0.000142888485301558
"PPA1",2.46433648670333e-09,0.418822902445313,0.918,0.893,0.000150869144052465
"IFNGR1",2.49779156974755e-09,0.332736854088562,0.685,0.538,0.000152917297691515
"AKIRIN1",2.56366619841809e-09,0.358018434960061,0.685,0.556,0.000156950208333354
"ACADVL",2.66424334447687e-09,0.330695284318092,0.808,0.653,0.000163107641792219
"SLC30A8",2.80499733049095e-09,-0.453543938775701,0.908,0.982,0.000171724741569986
"HMGB1",2.81430165095352e-09,-0.478498432236125,0.925,0.96,0.000172294361373025
"TMEM200A",2.84705584560096e-09,0.345829186420569,0.6,0.378,0.000174299605923536
"SLC12A2",3.03685387009461e-09,-0.283838140294932,0.294,0.493,0.000185919230781062
"SPP1",3.08382295173809e-09,-0.861268858891391,0.272,0.436,0.000188794724928358
"HPRT1",3.65573360927398e-09,0.356535557609787,0.644,0.484,0.000223807667293362
"TVP23B",3.73289740251696e-09,0.32080303637971,0.83,0.684,0.000228531711879491
"TRAM1",3.82534222837413e-09,0.296242743871454,0.899,0.804,0.000234191276563292
"FKBP11",3.84129825105228e-09,0.264576611856622,0.622,0.458,0.000235168120227672
"PAPOLG",3.8844233433128e-09,-0.250517109281948,0.161,0.338,0.000237808281500953
"PFN2",4.01261966068208e-09,0.276322553437862,0.943,0.853,0.000245656588246618
"PTMA",4.05529460831815e-09,-0.599661548712966,0.986,1,0.000248269191215845
"NBEA",4.5003689597695e-09,-0.550730157387836,0.526,0.689,0.000275517088086049
"POLDIP2",4.58929021283182e-09,0.373098450996879,0.543,0.36,0.000280960936119777
"TPI1",4.69888999692643e-09,0.251506140163184,0.968,0.933,0.000287670744501833
"UQCR11",4.87355348558149e-09,-0.460143920279444,0.893,0.951,0.000298363817940784
"TUBB4B",5.05756645547247e-09,0.351114096935177,0.702,0.564,0.00030962927597048
"NSFL1C",5.0877650510808e-09,0.282911273551084,0.659,0.498,0.000311478064192218
"YWHAH",5.14057104632006e-09,0.319492200864692,0.913,0.924,0.00031471090002676
"PNISR",5.57807337678917e-09,-0.510812297966108,0.821,0.902,0.00034149523020041
"PSMC2",6.07005590154676e-09,0.36372719549581,0.815,0.733,0.000371614892348594
"TFG",6.20911826210056e-09,0.333262737062517,0.78,0.667,0.000380128429124059
"FAT1",6.22673079011898e-09,-0.361530212588833,0.408,0.622,0.000381206685701874
"LMAN1",6.42633943178442e-09,0.275169512966289,0.864,0.822,0.000393426926353274
"EMC3",6.58748807226643e-09,0.28821409523281,0.772,0.649,0.000403292607272223
"MRPL27",6.6419091423843e-09,-0.474763974372469,0.487,0.689,0.000406624319605909
"PIM3",6.91427770940085e-09,0.274476612720466,0.537,0.378,0.000423298995647229
"ATP5F1E",7.02222479439821e-09,-0.538888815617192,0.994,1,0.000429907624137853
"APBB1",7.16365553419364e-09,0.334878155786653,0.667,0.511,0.000438566155458869
"ARL4D",7.27010079091191e-09,0.316651289937089,0.257,0.084,0.000445082840520418
"SUMO1",7.58820128238022e-09,0.321872268340784,0.895,0.813,0.0004645572707086
"FAM102A",7.96925756095475e-09,0.347903710051671,0.68,0.582,0.000487885917139211
"HEXB",8.14607223215632e-09,0.315837848490504,0.772,0.689,0.000498710688124842
"KCNK1",8.61913471376711e-09,0.293755480814419,0.553,0.378,0.000527672046311536
"IFT57",8.71887926635523e-09,0.547388221505878,0.697,0.636,0.000533778507565533
"SELENOT",8.75258625666173e-09,0.280368592192989,0.9,0.831,0.000535842083219088
"TXNRD1",9.07602621917546e-09,0.346203042055871,0.733,0.609,0.000555643401164141
"DBI",9.55559244821477e-09,-0.395839949766764,0.928,0.964,0.000585002925272156
"AC058791.1",9.56551457424305e-09,-0.341704230902685,0.246,0.431,0.000585610367749734
"SCG5",9.99618928165847e-09,0.346986806745215,0.998,1,0.000611976704012413
"GNAI2",1.1142855197089e-08,0.291147480450975,0.784,0.702,0.000682176738020988
"ARPP19",1.12686013858869e-08,0.262872068140784,0.923,0.893,0.000689875045445379
"DUSP19",1.20671160861658e-08,-0.267669253929553,0.08,0.209,0.000738760913911155
"MEAF6",1.26399166580289e-08,0.277953992514116,0.86,0.764,0.000773828337721187
"RTCB",1.31409891749494e-08,0.272871170782181,0.822,0.644,0.000804504498279575
"TMED10",1.38270894321437e-08,0.298873436184361,0.976,0.956,0.000846508242125269
"MT1F",1.52008942268883e-08,0.252981204767631,0.761,0.631,0.000930613945464329
"CDV3",1.54127516352942e-08,0.287921493515663,0.846,0.756,0.000943584067864346
"PCGF5",1.55396955143834e-08,0.311059181359446,0.726,0.609,0.000951355699086068
"TBC1D8B",1.57439890906426e-08,-0.295923066930019,0.187,0.364,0.000963862756118231
"MTND1P23",1.72519002544831e-08,-0.370805342692177,0.414,0.596,0.00105617858547971
"SLC22A17",1.75236992639244e-08,0.299075759289504,0.754,0.68,0.00107281839263671
"COL1A2",1.82732142951421e-08,-0.350719987118457,0.036,0.129,0.00111870445236289
"RASGEF1B",1.86409398938783e-08,0.315737448069199,0.838,0.702,0.00114121698124312
"UNC119",2.15379262501938e-08,0.276853130404775,0.482,0.298,0.00131857338296311
"OS9",2.16055995246577e-08,0.260458839030676,0.655,0.484,0.00132271640849907
"DCTD",2.2779103187928e-08,0.364316967312184,0.556,0.404,0.00139455947626814
"IGF1R",2.60520350350174e-08,-0.328258797860329,0.549,0.711,0.0015949316368788
"SON",2.8743197043608e-08,-0.327830653239521,0.991,1,0.00175968726620672
"NEDD4L",2.87916228961343e-08,0.275618576811383,0.579,0.404,0.00176265194532424
"ARID1B",3.02191131756417e-08,-0.451627874974563,0.661,0.813,0.00185004432772596
"HNRNPA2B1",3.06996583178225e-08,-0.407533017588154,0.871,0.933,0.00187946378187541
"FUCA2",3.17670943732541e-08,0.252799256780359,0.702,0.573,0.00194481328462499
"SEC24D",3.19194458530782e-08,0.375465648524301,0.764,0.649,0.0019541403945713
"MT-ND4",3.28087694164945e-08,-0.346398147431105,1,1,0.00200858567244721
"WARS",3.54181846360051e-08,0.336054706996317,0.682,0.529,0.00216833668160087
"METTL9",3.54576574627649e-08,0.40365408840602,0.678,0.604,0.00217075324752793
"PSMD4",3.68430237597681e-08,0.349428289156734,0.776,0.676,0.00225556675759676
"PTGES3",3.83380382969863e-08,0.263314107953981,0.909,0.902,0.0023470930425798
"TPPP3",3.878671198567e-08,0.387217797697297,0.579,0.427,0.0023745612944747
"SYT7",3.88765626475639e-08,-0.27239083292548,0.769,0.911,0.00238006204184651
"HES1",3.89189660010741e-08,-0.421898773077484,0.302,0.467,0.00238265801755176
"TOMM34",4.38194473293935e-08,0.387429229573442,0.631,0.476,0.0026826703849528
"SYNJ2BP",4.57619354023831e-08,-0.40071261855911,0.554,0.716,0.0028015914472693
"RPL23A",4.59921514416735e-08,-0.263318839271342,0.908,0.964,0.0028156855034107
"ZBTB43",5.09727522117751e-08,0.374813658177287,0.663,0.556,0.00312060286315708
"SKIL",5.43480121861199e-08,-0.702429278939527,0.557,0.676,0.00332723965404645
"TBCA",5.61822729121064e-08,-0.292001037167504,0.911,0.951,0.00343953492995206
"SCCPDH",5.70281349666343e-08,0.327051293174202,0.521,0.369,0.00349131945079232
"VCP",5.71460590482433e-08,0.273913491345255,0.854,0.751,0.0034985388809925
"CBLL1",5.81324906033661e-08,0.314614395701901,0.449,0.276,0.00355892920722868
"NOP53",5.93618880970326e-08,0.270084456718095,0.675,0.578,0.00363419415118843
"MT-TP",6.25968469047594e-08,-0.796320642969235,0.914,0.88,0.00383224156435628
"RIPK2",6.32379990447484e-08,0.381776751015058,0.339,0.187,0.00387149353951854
"PSMA3",6.61483504743069e-08,0.270321585701655,0.906,0.844,0.00404966816438754
"SLC37A4",6.67486228745007e-08,0.359045213442719,0.618,0.52,0.00408641744099981
"FAM167A",6.83546174920147e-08,0.302665946588972,0.493,0.316,0.00418473803747863
"ZBTB20",6.84348036658672e-08,-0.278251568973526,0.74,0.893,0.00418964711522805
"MEG3",7.40064375255158e-08,0.295891922534864,0.947,0.871,0.00453074811174961
"TIA1",7.40322318578867e-08,-0.281876932884241,0.423,0.613,0.00453232726657168
"PCDH7",7.42649553974691e-08,-0.436617391860635,0.193,0.356,0.00454657483438845
"PLEKHA5",7.55749309086152e-08,-0.272936792962341,0.337,0.524,0.00462677284515633
"PELO",7.84538779563602e-08,0.317949272734391,0.569,0.387,0.00480302486236633
"ARHGEF3",8.02115225246378e-08,-0.256044825678662,0.34,0.556,0.00491062962048085
"SLC25A39",8.28098378988656e-08,0.32913085159492,0.705,0.591,0.00506970108600645
"MFF",8.48253635866014e-08,0.302972533340741,0.684,0.582,0.00519309358413532
"APOL2",8.92866572066491e-08,-0.275771626264908,0.468,0.68,0.00546621844084827
"TMEM181",9.2371590137111e-08,-0.313453579648001,0.455,0.662,0.00565508111978407
"NCL",9.26857192104283e-08,0.258894780218929,0.907,0.867,0.00567431241578163
"SRPRA",9.61430216685296e-08,0.268672439835197,0.862,0.747,0.00588597192956905
"MAGED1",9.95713339590793e-08,0.317808995431692,0.854,0.827,0.00609585663630879
"MARCKS",1.01856638621511e-07,-0.423719042312428,0.838,0.924,0.00623576527304752
"SEMA5A",1.02015812297076e-07,0.306914066541611,0.646,0.458,0.00624551004463931
"SH3GLB1",1.03638346344602e-07,0.290750185814211,0.82,0.738,0.00634484320156288
"GAS2",1.16631062672258e-07,-0.377668574817776,0.369,0.533,0.00714027028785833
"SCAMP3",1.17349369816916e-07,0.252858314812568,0.685,0.582,0.0071842457695614
"CSTB",1.19635597719421e-07,-0.284120514661944,0.823,0.951,0.00732421092798069
"COPS6",1.20095520670726e-07,0.307105283002848,0.828,0.724,0.00735236787098254
"CBFA2T2",1.21718584939473e-07,-0.389280108053955,0.368,0.551,0.00745173348857946
"RAD52",1.32890658574732e-07,-0.345516994874424,0.278,0.431,0.00813569900860367
"PHIP",1.35507958203585e-07,-0.448637985877008,0.636,0.8,0.00829593270918171
"COPS9",1.38429520233499e-07,-0.426318962202595,0.855,0.929,0.00847479365821504
"HMGN3",1.38877890147462e-07,-0.370947645869694,0.855,0.942,0.00850224331271776
"TMEM37",1.41134539321696e-07,0.376161965567155,0.555,0.413,0.00864039763181353
"MORN2",1.41855927121117e-07,0.271972532437808,0.592,0.431,0.00868456171428188
"ALG5",1.42103401243396e-07,0.303886970802028,0.689,0.56,0.00869971232752193
"LGALS1",1.53577761527656e-07,-0.41115720441417,0.072,0.182,0.00940218413848462
"CMTM6",1.69290872072842e-07,0.28139774712903,0.709,0.6,0.0103641564791715
"TSPYL4",1.77052077161955e-07,0.38929969206799,0.647,0.524,0.010839305215932
"DYNLT3",1.8419872615436e-07,0.267321236896448,0.853,0.711,0.0112768302138961
"DEGS1",1.85228028122809e-07,0.311172530908764,0.672,0.547,0.0113398451097065
"PON1",1.90847327702406e-07,-0.338930704854587,0.106,0.236,0.011683864249269
"CTSL",1.93198548726175e-07,0.298375969257977,0.774,0.653,0.0118278083515652
"TNKS2",1.97957273452271e-07,0.25975891585164,0.723,0.573,0.0121191422380215
"TAOK1",2.01032291210367e-07,-0.259065721073718,0.58,0.787,0.0123073979001899
"SPRYD3",2.02618583629959e-07,0.345980955866595,0.686,0.582,0.0124045123084097
"EIF3F",2.03149921563091e-07,0.286566359202694,0.745,0.662,0.012437041348014
"UBR2",2.07253309958175e-07,-0.527744308309809,0.507,0.684,0.0126882548889494
"SLC35B1",2.09413285583906e-07,0.402620707924239,0.778,0.738,0.0128204907567323
"NINJ1",2.14576776566207e-07,0.487592066437257,0.422,0.276,0.0131366048381598
"ETF1",2.17125930595878e-07,0.349522951195993,0.638,0.52,0.0132926665970102
"MAF1",2.24742765767758e-07,0.252955232256941,0.482,0.329,0.0137589768630679
"ANAPC13",2.46899398474222e-07,0.255170727837728,0.776,0.698,0.0151154280739904
"RPS23",2.50509900125873e-07,-0.263590192027492,0.975,0.973,0.0153364665956061
"SLX4IP",2.54592895262114e-07,-0.53298165945882,0.266,0.427,0.0155864316408419
"PHF14",2.5839431671885e-07,-0.279305261587968,0.397,0.569,0.0158191584638447
"ANO5",2.66368689297342e-07,-0.57867091769187,0.392,0.564,0.0163073575274726
"ALG2",2.66679111657368e-07,0.380922903928615,0.676,0.551,0.0163263618947757
"SLBP",2.68494235211256e-07,0.268593000380273,0.525,0.364,0.0164374855738683
"TMEM209",2.72873935139718e-07,-0.45490732988959,0.459,0.578,0.0167056151831887
"TSG101",2.74274929041303e-07,0.324411681988732,0.692,0.569,0.0167913854308376
"GRN",2.87345693506495e-07,0.357971351337622,0.82,0.742,0.0175915907021611
"GCG",3.40216534348023e-07,-0.696184304125001,0.877,0.964,0.0208283964493203
"BMPR2",3.49075081799705e-07,-0.443357504102506,0.38,0.587,0.0213707255828598
"PSMF1",3.65312980126426e-07,0.257967582321514,0.771,0.698,0.0223648259563199
"ZNF622",3.87984498934657e-07,0.45111765048011,0.537,0.404,0.0237527990092786
"ISCA1",3.95700962641357e-07,0.299986990742136,0.587,0.453,0.0242252086338665
"RBM6",4.05393405845395e-07,-0.378631148805191,0.666,0.769,0.0248185896992609
"GCLM",4.14293168042744e-07,0.264468608290504,0.793,0.72,0.0253634420407448
"CYB5R3",4.17116783754335e-07,0.261025043364797,0.761,0.689,0.0255363066182241
"EGR1",4.30005049053619e-07,-0.679664322916701,0.833,0.827,0.0263253391081116
"LRPAP1",4.63996672480291e-07,0.322606486729379,0.838,0.8,0.0284063402859159
"PRSS23",4.64023012449739e-07,0.401328365930338,0.752,0.684,0.0284079528451855
"EIF5B",4.67332731897897e-07,-0.330733035423154,0.795,0.898,0.0286105771795211
"WDR54",4.89913791075983e-07,0.329026733642378,0.447,0.311,0.0299930122034628
"CHID1",4.91289121421456e-07,0.368615151356838,0.686,0.609,0.0300772113025429
"PSMD13",5.09428992869692e-07,0.3593672328631,0.622,0.484,0.0311877523724754
"COX7A2L",5.09628630244431e-07,0.259173120906481,0.913,0.849,0.0311999743721943
"MOB1B",5.13212334465022e-07,-0.395630532161269,0.49,0.662,0.0314193723282831
"GEM",5.17389337101262e-07,0.333022940840761,0.506,0.333,0.0316750926066764
"TULP4",5.22460859872852e-07,-0.437235089433631,0.634,0.778,0.0319855763022759
"TPR",5.38280308388123e-07,-0.279612889855765,0.641,0.804,0.0329540587598293
"CALCOCO2",5.98208395803967e-07,0.259864985861837,0.77,0.649,0.0366229161995147
"EFNA5",6.30015787460931e-07,-0.538418501776753,0.598,0.689,0.0385701965241457
"ZNF662",6.82451787696018e-07,-0.302619004494694,0.136,0.262,0.0417803808945379
"OGT",6.89945319272151e-07,-0.348575167170118,0.59,0.76,0.0422391423911603
"ZMYND8",7.07433042524399e-07,-0.284773452782081,0.502,0.676,0.0433097582963862
"WASHC4",7.25189563500717e-07,-0.325207163901677,0.446,0.622,0.0443968302670774
"EGFEM1P",7.26292001951405e-07,-0.276143857998656,0.168,0.307,0.044464322651467
"CYC1",7.43704403285342e-07,0.251119908581183,0.676,0.529,0.0455303272735319
"GPBP1L1",7.55093360437297e-07,-0.313473882231277,0.472,0.658,0.0462275706193318
"CGRRF1",8.39295390290334e-07,0.287215140674143,0.592,0.471,0.0513825030889645
"ACP1",8.99493875412534e-07,0.261157662515873,0.822,0.782,0.0550679145466307
"DNAJB1",9.35059172827791e-07,0.626952460798417,0.685,0.542,0.0572452576196902
"APPL2",9.8958366277694e-07,0.271278102562609,0.656,0.502,0.060583301418867
"CEP350",1.03499944930383e-06,-0.361979767960876,0.553,0.729,0.0633637012858301
"NEFM",1.036058187681e-06,-0.643944742410568,0.263,0.44,0.0634285183080186
"BACE1-AS",1.04138504168261e-06,-0.273091608567616,0.137,0.262,0.063754633636851
"RGS16",1.05005316289202e-06,-0.643175100204661,0.422,0.6,0.0642853046854126
"SEC62",1.15158773519968e-06,-0.276438364424952,0.979,0.996,0.0705013527366599
"GSN",1.18492441463768e-06,0.461050032584143,0.931,0.938,0.0725422575885335
"PLCXD3",1.20233977557069e-06,-0.307846673839856,0.561,0.764,0.0736084434002133
"TNFRSF21",1.2521073074877e-06,0.355123378321495,0.662,0.533,0.0766552614717043
"DAAM1",1.256228135496e-06,-0.405535627264858,0.757,0.853,0.0769075426832004
"CFTR",1.3066071825687e-06,-0.323399787800616,0.103,0.218,0.0799917983240383
"PIN4",1.36693757659957e-06,-0.290526306811383,0.466,0.631,0.0836852853770023
"CREB5",1.39608939534292e-06,0.293176720548777,0.438,0.293,0.085469988872289
"TRAPPC3",1.460637391938e-06,0.323326982394356,0.623,0.52,0.0894216817718364
"COQ10B",1.46959704159017e-06,0.265019361420646,0.759,0.658,0.0899702004831917
"PCMTD1",1.56388881925452e-06,-0.388017480184705,0.666,0.787,0.0957428374035812
"ASB9",1.56650487221075e-06,0.460464943833007,0.485,0.338,0.0959029947816146
"PCIF1",1.93771063245955e-06,0.268875930871522,0.506,0.373,0.118628582629806
"CCND3",2.04306626377911e-06,0.375297430530468,0.623,0.529,0.125078559734821
"ZFP36L1",2.11321926577461e-06,-0.592011877286979,0.139,0.253,0.129373396669988
"CAPRIN2",2.13293323049261e-06,-0.333287156624158,0.231,0.373,0.130580305303988
"YTHDF2",2.16262327849585e-06,0.305364319735969,0.705,0.613,0.132397959732794
"LPP",2.2493140969559e-06,-0.407543651992534,0.471,0.636,0.137705258329737
"RIN2",2.25539116616623e-06,-0.603917987327206,0.818,0.902,0.138077302583863
"UNC80",2.4007649619533e-06,-0.272921204484092,0.598,0.747,0.146977231735743
"PTEN",2.49271691339628e-06,-0.668214633351142,0.698,0.742,0.152606622155034
"MARS",2.51274510960234e-06,0.430326306129394,0.668,0.582,0.153832768354965
"NRBP1",2.57855149977604e-06,0.28584380164815,0.534,0.413,0.157861501367789
"CADPS",2.58207187001414e-06,-0.463672087187107,0.744,0.836,0.158077021954136
"R3HDM2",2.74251994697307e-06,-0.319331927787156,0.692,0.8,0.167899813673639
"RIMS2",2.8679910104293e-06,-0.368953768072893,0.592,0.733,0.175581277649492
"CRP",2.9038867046769e-06,-0.428914249591836,0.067,0.156,0.177778847947025
"ESF1",2.92844308450805e-06,-0.289595122376311,0.437,0.573,0.179282214076667
"MEIS2",3.22988051745372e-06,-0.341824870529343,0.707,0.809,0.197736515159034
"MIR100HG",3.25817639974085e-06,-0.252067596127685,0.253,0.404,0.199468817368534
"CD24",3.26542748258669e-06,0.268226826495674,0.729,0.653,0.19991273591144
"HPN",3.38147045779297e-06,0.268508362103997,0.302,0.16,0.207017002896543
"NEUROD1",3.64182036064921e-06,-0.286600512249851,0.702,0.876,0.222955884299305
"ATP5PO",3.69660513341258e-06,-0.289221691496326,0.878,0.898,0.226309862872652
"LRPPRC",3.71234294095525e-06,-0.370292227149057,0.608,0.738,0.227273347188222
"EYA3",3.75911037146807e-06,-0.302981997749706,0.371,0.52,0.230136496051647
"PLK2",3.96828257404136e-06,-0.435274847034003,0.411,0.578,0.242942227465386
"INTS6",4.21588333750794e-06,-0.386737507545634,0.313,0.476,0.258100593805574
"MPP1",4.46655097688264e-06,0.284192700188361,0.498,0.36,0.273446717355732
"EIF4EBP1",4.48800012613897e-06,0.255093570398918,0.583,0.48,0.274759855722354
"PBX1",4.66237521615812e-06,-0.253774726859296,0.391,0.564,0.285435273108416
"ATP5PD",4.73594547773011e-06,-0.269945382896913,0.889,0.933,0.289939318092115
"C2CD5",4.76339708605322e-06,-0.254647905776945,0.37,0.538,0.291619933005264
"TSC22D1",5.01965727808567e-06,0.277659506429295,0.909,0.898,0.307308438221683
"HLTF",5.73869679543956e-06,-0.344026959691019,0.521,0.658,0.351328756513605
"GLG1",5.75133857127018e-06,-0.282943907137967,0.801,0.902,0.352102698671732
"NR1D1",6.00050937305785e-06,0.266543798209523,0.431,0.289,0.367357184327975
"GOPC",6.11825989863779e-06,-0.422786242454677,0.366,0.538,0.374565989254504
"POGZ",6.25531560061546e-06,-0.397013464541396,0.529,0.662,0.382956676385279
"SESN3",6.35953851433591e-06,-0.259140957750496,0.29,0.449,0.389337307386159
"ROBO2",6.40808002838848e-06,-0.402247872352526,0.457,0.613,0.392309067417971
"BRD8",6.4245828068853e-06,-0.336097070202284,0.543,0.658,0.393319384020325
"NFKBIA",6.47143842822559e-06,0.304148979962955,0.73,0.649,0.396187932014399
"FBXO32",6.49083543958492e-06,0.272557482655311,0.4,0.253,0.397375436446828
"RAB3C",6.80926882689676e-06,-0.368750234178491,0.44,0.613,0.416870246851446
"AL390728.6",8.02342155686126e-06,-0.272867537378718,0.251,0.378,0.491201891132603
"CRYL1",8.20670558900199e-06,0.267228308298581,0.459,0.32,0.502422722864291
"COLGALT1",8.28292815021849e-06,-0.295456285253243,0.292,0.436,0.507089144284526
"IFI6",8.29788105575691e-06,0.30336798522258,0.856,0.778,0.508004576114494
"EEF1AKMT3",8.57217582474211e-06,-0.287145696825362,0.123,0.236,0.524797176166537
"NCAPD2",8.74314939313351e-06,-0.288595595157995,0.098,0.204,0.535264348997026
"OLMALINC",8.84954916680837e-06,0.316087677953539,0.806,0.72,0.541778249541175
"TBL1XR1",8.99579791935243e-06,-0.66267268600164,0.737,0.8,0.550731744420675
"OLFM4",9.22724688230029e-06,-0.459004433818422,0.085,0.178,0.564901281381306
"JMJD1C",9.56998011155412e-06,0.262488723364665,0.862,0.818,0.585883752409455
"COMMD6",9.91041420628924e-06,-0.412055692699478,0.91,0.956,0.606725468123233
"RELL1",9.95884328186407e-06,-0.794741781617946,0.638,0.716,0.609690344559
"TOR3A",1.03152327292608e-05,0.391188693953776,0.371,0.253,0.631508862918077
"ATP6V1B2",1.11578677126113e-05,0.289985954778271,0.794,0.68,0.683095819233774
"HSBP1",1.21121385131817e-05,-0.382105838863829,0.902,0.964,0.741517231915496
"ATP8A1",1.26172348658766e-05,-0.267402627113254,0.356,0.524,0.772439735723831
"MT-ND6",1.2726245578776e-05,-0.652135474398518,0.995,0.982,0.779113480578245
"TFF3",1.28008235362102e-05,-1.04104793380974,0.603,0.702,0.783679217710328
"USP31",1.30496692598721e-05,-0.263821579757185,0.11,0.218,0.79891380175863
"GPD1",1.4945443029529e-05,0.340670202930269,0.334,0.2,0.914974967710797
"RNF19A",1.68240495608785e-05,-0.266938278801292,0.487,0.636,1
"ZKSCAN1",1.71674553129541e-05,-0.300417822190732,0.713,0.836,1
"CLOCK",1.72602870269728e-05,-0.265518810823329,0.399,0.569,1
"AKAP9",1.72927444602016e-05,-0.300305170149913,0.907,0.947,1
"SRSF6",1.74064245753852e-05,-0.881398087624279,0.821,0.804,1
"ADM",1.76375765407966e-05,0.298162603542084,0.398,0.262,1
"ISOC1",1.88537031233684e-05,0.310334545610227,0.53,0.436,1
"CRIPT",1.90242560288585e-05,-0.273522181054189,0.521,0.68,1
"DPYSL2",1.90431978688903e-05,-0.602371999440232,0.844,0.871,1
"PAFAH1B2",1.92569370707973e-05,-0.549438005742982,0.837,0.871,1
"KARS",1.98137788818259e-05,0.265001284275335,0.689,0.613,1
"SNX17",2.03319663109873e-05,0.250968345167028,0.659,0.569,1
"CCDC59",2.03722895200504e-05,-0.314308083004649,0.585,0.422,1
"RPL12",2.0879706856398e-05,-0.381021609002782,0.978,1,1
"LLGL2",2.10696666245002e-05,0.264584190600219,0.541,0.436,1
"PMEPA1",2.11216692509885e-05,-0.327236488146925,0.1,0.196,1
"SUGT1",2.12956690294745e-05,-0.468172249394279,0.571,0.676,1
"RBM26",2.13847533262923e-05,-0.352403504178147,0.616,0.72,1
"ANKLE2",2.30436936030169e-05,0.259290796811877,0.502,0.4,1
"GARS-DT",2.45067693923032e-05,-0.258780468243761,0.486,0.613,1
"RRP15",2.47467356103072e-05,-0.332924324115965,0.383,0.498,1
"DUSP1",2.47753679642461e-05,0.593039445290359,0.766,0.742,1
"COX17",2.58453787772356e-05,-0.419914173420947,0.971,0.982,1
"RPL21",2.61043206116584e-05,-0.322335807468986,0.92,0.987,1
"PCLO",2.61258058638052e-05,-0.38264797969895,0.69,0.818,1
"COPS7A",2.68616502372703e-05,0.29858635757426,0.557,0.44,1
"MT-ND4L",2.73786046031595e-05,0.429190002383657,0.998,0.982,1
"GLS",2.79959854729509e-05,-0.362323469207006,0.521,0.662,1
"GBA",2.81053339708296e-05,0.296820979224011,0.548,0.449,1
"UBXN4",2.86497945729372e-05,-0.332767491891138,0.922,0.947,1
"DCUN1D4",2.95017965594137e-05,-0.693078798527222,0.482,0.6,1
"MYT1L",3.07295228119745e-05,-0.274828658840246,0.445,0.578,1
"TMSB10",3.0841192445058e-05,-0.547123015197781,0.913,0.898,1
"PRELID3B",3.09844703939797e-05,-0.658964549245606,0.874,0.849,1
"GPR108",3.18124721692032e-05,0.288168371110128,0.417,0.307,1
"AC027290.2",3.27527123621074e-05,0.314230522055376,0.422,0.324,1
"DNAJC15",3.37182144110907e-05,-0.319905497850253,0.655,0.756,1
"LIN7C",3.49804142744709e-05,-0.476164578780088,0.657,0.711,1
"FOSB",3.5057189954496e-05,-0.309268440017342,0.464,0.622,1
"EIF3D",3.76541511846063e-05,0.301290173692286,0.708,0.591,1
"NOVA1",3.77439584599226e-05,-0.288687885224962,0.401,0.524,1
"FAM222A",3.83247786141359e-05,-0.350765526368187,0.311,0.467,1
"LARP1",3.92923118861867e-05,-0.276918576072894,0.77,0.889,1
"ZNF33A",4.01082556487493e-05,-0.274490535290969,0.411,0.556,1
"ATP5MG",4.04322430830771e-05,-0.414760673073467,0.954,0.973,1
"TMED9",4.04951180070973e-05,0.313330316744661,0.641,0.596,1
"ITGAV",4.05904244768953e-05,-0.297827310227769,0.537,0.698,1
"ZNF252P",4.10888057874883e-05,-0.261910491270062,0.416,0.56,1
"PPP1R12A",4.12838796219526e-05,-0.366636581301625,0.615,0.751,1
"SDC2",4.1518351714471e-05,0.279687924873563,0.606,0.547,1
"NDUFC1",4.20226162803484e-05,-0.433885563870605,0.926,0.947,1
"COX7A1",4.95919827867676e-05,-0.301239001619477,0.463,0.618,1
"NEO1",4.98434342722541e-05,-0.257204042997961,0.347,0.484,1
"AMZ2P1",5.09677900097464e-05,0.301548199145529,0.451,0.342,1
"TCTN1",5.15613955531869e-05,0.26816337909872,0.477,0.364,1
"ASH1L",5.86514488512393e-05,-0.313472542843085,0.571,0.707,1
"RAD21",5.98144155220535e-05,-0.337737120397977,0.667,0.796,1
"KIAA1109",5.99008156982782e-05,-0.346307352897335,0.494,0.636,1
"ENAH",6.23272728611317e-05,-0.314834115474602,0.485,0.613,1
"MT-ND3",6.47294833531722e-05,-0.331689073593818,0.995,0.982,1
"NF1",6.6108525031882e-05,-0.289902166508468,0.526,0.68,1
"YWHAB",6.6159185320488e-05,-0.529287193073386,0.885,0.911,1
"LINC02609",6.65147414690047e-05,-0.323062676026344,0.093,0.191,1
"MALAT1",6.74307882094682e-05,-0.366089127464901,0.999,1,1
"DICER1",7.14884506526373e-05,-0.273737991793567,0.497,0.649,1
"KCMF1",7.23069790627626e-05,0.296829042215979,0.561,0.476,1
"COX7C",7.3009313550042e-05,-0.283961089372718,0.986,0.982,1
"MAN1A1",7.34284967409501e-05,-0.543750687170353,0.646,0.733,1
"JUND",7.49978353068488e-05,0.292048297281409,0.923,0.956,1
"GRK3",7.62106954930268e-05,-0.25421019617909,0.447,0.578,1
"MTIF3",7.98514139021425e-05,-0.311446574925242,0.568,0.693,1
"KPNA6",8.15649676196222e-05,-0.329224873428251,0.72,0.822,1
"PPP2R5E",8.53260439953217e-05,-0.271881159747483,0.464,0.591,1
"CARMIL1",0.000101156505003671,-0.261512278587241,0.436,0.564,1
"PHKB",0.000105279364527075,-0.335890765052428,0.429,0.551,1
"NAA15",0.000105459420004049,-0.364725490063061,0.494,0.649,1
"NAMPT",0.000105885825431436,0.287449056449815,0.598,0.511,1
"TRIB3",0.0001075790950195,0.304916909267566,0.309,0.196,1
"CNKSR2",0.000108902209580693,-0.35407311465975,0.191,0.302,1
"SSBP2",0.000112286717686775,-0.277662137685756,0.561,0.689,1
"SATB1",0.000115392768139592,-0.305559952055982,0.307,0.449,1
"ENO2",0.000116553241550043,0.312758368195983,0.69,0.631,1
"TDRD9",0.000118471820699149,-0.544680856369418,0.27,0.382,1
"RBX1",0.00012709331485955,-0.34760823623829,0.775,0.871,1
"SMIM8",0.000128016501672808,-0.493439857791202,0.245,0.369,1
"LARP4B",0.000128541600324454,-0.302005222445581,0.422,0.556,1
"BMP5",0.000133059689143163,-0.372372057076123,0.541,0.689,1
"SLC7A2",0.000142047714307353,-0.271440713625055,0.637,0.738,1
"LINC02482",0.000147531712083913,-0.53897990338767,0.152,0.253,1
"TTC37",0.000152534648038958,-0.292108577939383,0.645,0.778,1
"DNAJC16",0.000160583617972066,-0.356511980722265,0.371,0.489,1
"RCOR3",0.000168549577285922,-0.380145332843829,0.551,0.662,1
"CDH6",0.000174161666801131,-0.265168407776089,0.108,0.196,1
"PPIP5K2",0.000180507281996569,-0.333598494577417,0.466,0.591,1
"ALCAM",0.000194845637233273,-0.389322113477251,0.906,0.933,1
"SLC25A34",0.000196348985471231,-0.404367601265172,0.21,0.324,1
"UNC79",0.000198854204618563,-0.277951314290321,0.493,0.618,1
"CDCP1",0.000202848755874643,-0.51146151477617,0.667,0.809,1
"EIF2S3",0.00021345999651712,-0.323130296670918,0.838,0.858,1
"EML4",0.000217610018127076,-0.36360783294109,0.511,0.636,1
"KMT2C",0.000224297916373991,-0.303615287174872,0.724,0.849,1
"KCNK16",0.00022786918767881,0.266019013134237,0.734,0.689,1
"KLHL42",0.000233210459165866,-0.286587230423549,0.586,0.711,1
"SORL1",0.000245398531285205,-0.367345123188248,0.9,0.947,1
"SOD2",0.00024747690054474,-0.345027927024606,0.464,0.564,1
"ISL1",0.000250541591872984,-0.266520669969544,0.54,0.631,1
"NDUFA3",0.000253862465332411,-0.440691853871852,0.915,0.938,1
"ZBTB44",0.000258661313868879,-0.323928439128645,0.272,0.396,1
"NAV1",0.000269859391050658,-0.26688286296728,0.534,0.684,1
"ZBED3",0.000274064240949119,-0.356363618152338,0.26,0.387,1
"LINC01578",0.000274094248649637,-0.342805832229171,0.691,0.773,1
"RGL3",0.000280001138918101,-0.329086128418523,0.316,0.467,1
"PRG4",0.000308358879097983,-0.490156930388636,0.087,0.169,1
"STRN3",0.000313453013366832,-0.47150696806776,0.62,0.667,1
"ATP5PF",0.000319350910839767,-0.380461645463403,0.957,0.973,1
"TMEM132B",0.000323563361415526,-0.32867426745703,0.166,0.267,1
"TACC2",0.000324919917910872,-0.316082878865828,0.303,0.431,1
"ACTG1",0.000334759730877966,0.300070817657198,0.983,0.969,1
"ABCA5",0.000335195728112546,-0.349725491892961,0.763,0.831,1
"LNPK",0.000352610259419738,-0.476551632865341,0.532,0.627,1
"MDM2",0.000355937724828624,-0.270765314348223,0.511,0.618,1
"C1orf127",0.000363377016682753,0.266178534885532,0.702,0.649,1
"IFITM3",0.000371850514852005,-0.518953403998237,0.131,0.213,1
"TUBGCP2",0.000377092328210931,0.259174002495091,0.545,0.476,1
"HNRNPH1",0.000391996073607656,-0.534652208034641,0.933,0.969,1
"SMARCA1",0.000393756319383833,-0.274367775003074,0.549,0.684,1
"SERPINA1",0.000413525698102767,-0.564750740638741,0.269,0.369,1
"CCL2",0.00041611711013557,-0.271852608453513,0.111,0.187,1
"BAG4",0.000417746115574717,-0.44853912025707,0.292,0.387,1
"KRT10",0.000421487620646213,-0.281498786143334,0.826,0.716,1
"COX15",0.000456792117411492,-0.35433848833095,0.306,0.422,1
"UAP1",0.000473196420887334,0.257616026421125,0.443,0.369,1
"MARVELD2",0.000474058339006688,-0.258971194042615,0.403,0.524,1
"BROX",0.000486865550634473,-0.487333685568951,0.645,0.711,1
"REV3L",0.000544833797625635,-0.257685256545595,0.499,0.618,1
"CIART",0.000562174965201084,0.273115691885152,0.371,0.28,1
"THUMPD1",0.000590389410459019,-0.315096253630128,0.515,0.622,1
"SUGP2",0.000615913890763738,-0.324093424215843,0.415,0.578,1
"PLSCR1",0.000615975376884106,-0.257372029011409,0.463,0.369,1
"CACNA2D1",0.000620393129861099,-0.460222941353353,0.459,0.609,1
"CHD9",0.000623726614356907,-0.38604104582733,0.771,0.849,1
"ZNF330",0.000626222137945962,0.260233599183228,0.515,0.431,1
"KRAS",0.00062852807259926,-0.25596310451202,0.399,0.502,1
"CTNNB1",0.000642043958223194,-0.29968360588965,0.891,0.898,1
"MAPK10",0.000667915706949329,-0.350415714441006,0.608,0.711,1
"CRELD1",0.000679066538457765,0.254076139243337,0.498,0.418,1
"RPLP2",0.000680711280159749,-0.347654669891687,0.986,1,1
"CRYBA2",0.000691352586470708,0.360853598594111,0.617,0.573,1
"MATR3.1",0.000693445645497429,-0.255311004227446,0.329,0.444,1
"TRIP11",0.000720903125818814,-0.250693462100099,0.655,0.729,1
"INO80D",0.000732697250742134,-0.444924923619935,0.399,0.498,1
"OTULINL",0.000739753662862975,0.293102085750495,0.653,0.622,1
"CHORDC1",0.000750447652157203,-0.282162715081534,0.454,0.578,1
"PRKD3",0.000788866183895187,-0.257824672321952,0.415,0.529,1
"MAP1B",0.00085432211843089,-0.259155221406416,0.979,0.991,1
"COMMD1",0.000854653561416133,-0.357973551639657,0.425,0.547,1
"ZNF483",0.000861943575542134,-0.833421674974909,0.908,0.836,1
"PPP1R9A",0.000922108126671166,-0.299429080894093,0.536,0.662,1
"FKBP3",0.000946765236881585,-0.3159161776724,0.683,0.742,1
"ATM",0.00096710086925502,-0.273450805263151,0.433,0.538,1
"PAIP2B",0.00101608362421414,-0.453021985227106,0.211,0.307,1
"SCAPER",0.00103758502453486,-0.274759732375515,0.489,0.6,1
"CXCL1",0.00108244446748388,-0.258259646637292,0.09,0.16,1
"SRSF3",0.00111432004124469,-0.386671379200527,0.878,0.893,1
"SMAD2",0.00112173501663186,-0.517789750028091,0.514,0.627,1
"IARS",0.00112355141464959,0.286608057427939,0.703,0.658,1
"UGDH",0.00112914224672486,0.263823287560581,0.589,0.524,1
"PPP3CB",0.00118604559787496,-0.257637598202638,0.415,0.529,1
"EMP2",0.00119264426828091,-0.369226397543647,0.587,0.684,1
"CBX5",0.00122333926570597,-0.380688553056346,0.721,0.764,1
"FDFT1",0.00143193533293817,-0.312457460274485,0.683,0.8,1
"ZDHHC2",0.00144895100561185,-0.388080765165812,0.761,0.769,1
"ATP6V0E1",0.00147772665902591,-0.402050465497135,0.959,0.978,1
"CADM1",0.00151545500463012,-0.321223185013292,0.931,0.92,1
"WDR43",0.00154549613766509,0.280613370569048,0.715,0.671,1
"PON2",0.00158321079404856,-0.400905781477012,0.616,0.707,1
"ARF6",0.00161625061849272,-0.345781846762139,0.631,0.693,1
"CLCN3",0.00163205683649048,-0.312090305270966,0.687,0.796,1
"IAPP",0.00170972092253596,0.269752826395199,0.962,0.929,1
"YLPM1",0.00176652235677554,-0.311799553394788,0.503,0.609,1
"THOC2",0.00183303835602031,-0.284520802921961,0.654,0.764,1
"TXNDC17",0.00195123437330246,-0.291327656525282,0.707,0.72,1
"PARP2",0.00196957050871664,0.253229728520789,0.446,0.364,1
"CCDC7",0.00202372125775193,-0.264979716715098,0.269,0.36,1
"SSBP1",0.00206980796304249,-0.276071308932251,0.79,0.849,1
"DZIP3",0.00210045324779244,-0.306223259971353,0.661,0.76,1
"PPP2CB",0.00212355151023611,0.258528044497713,0.651,0.64,1
"MT2A",0.00228517883144554,0.596795044184589,0.578,0.507,1
"REG3A",0.00228951900321138,-0.901348297239114,0.145,0.213,1
"AL451165.2",0.00229941220974262,-0.285169759965317,0.208,0.302,1
"ZBED5-AS1",0.0023969518946661,-0.290090856992849,0.422,0.493,1
"CXCL2",0.0024649595011124,-0.264236738331873,0.136,0.209,1
"SYT13",0.00249532193482028,-0.295503119899251,0.798,0.827,1
"NOP10",0.00255695251500152,-0.323952349752949,0.824,0.916,1
"MRPS21",0.00267405550045244,-0.333960378944987,0.798,0.871,1
"STRBP",0.00275578530367152,-0.3109098052039,0.331,0.427,1
"HACD3",0.00289371805584852,-0.306824910262977,0.806,0.871,1
"PDE10A",0.0029832890155222,-0.278478453464159,0.221,0.324,1
"UBL5",0.00303924975286903,-0.309664828251785,0.977,0.978,1
"GADD45GIP1",0.0030624557540262,-0.278343127284183,0.716,0.591,1
"BEX3",0.00309831036736979,-0.288305921420401,0.923,0.964,1
"SERPING1",0.00315298863108877,-0.384907502378745,0.098,0.156,1
"USP2",0.00320324584666003,-0.293206546579879,0.733,0.76,1
"PRXL2A",0.00323148810843337,-0.291535111024847,0.84,0.791,1
"AC113383.1",0.00323888770523827,-0.2945891265775,0.093,0.16,1
"SUMF1",0.00324573994484416,0.330003969346529,0.411,0.373,1
"ZC3HAV1",0.00330884180402446,-0.26551140741709,0.545,0.658,1
"PCNT",0.00342057060364778,-0.270670480542021,0.51,0.6,1
"PSME1",0.00350713024477577,-0.359862228678745,0.802,0.853,1
"TENT5A",0.00379982553995181,-0.621669450230849,0.621,0.644,1
"SLC41A2",0.00393836253633841,-0.470277951434455,0.389,0.467,1
"HINT1",0.00411302664332762,-0.432817073624173,0.99,0.982,1
"NFX1",0.00414898758760542,0.274519615772542,0.52,0.453,1
"ST8SIA3",0.00418267848591551,-0.28455692086288,0.522,0.622,1
"HSPB11",0.00419145731316581,-0.40689693344452,0.639,0.742,1
"SLC39A9",0.00431753429923627,-0.499192558065023,0.7,0.733,1
"IRF2BP2",0.00441022030509378,-0.305595329935882,0.811,0.827,1
"MIR99AHG",0.00478652051632771,-0.25450186918554,0.171,0.249,1
"NORAD",0.00486776029660939,-0.330748305253265,0.843,0.893,1
"SNHG14",0.00487333360060572,-0.342169991247601,0.838,0.893,1
"MICOS13",0.00487677998898232,-0.262537042976398,0.825,0.778,1
"TCEAL4",0.00497689601224774,-0.285201539780106,0.808,0.849,1
"C3",0.00505107812411335,-0.269265001216369,0.118,0.173,1
"ZNF213-AS1",0.00551420302640866,-0.31096426733819,0.313,0.387,1
"RPS28",0.00552749055815362,-0.345497251270043,0.951,0.951,1
"COPG1",0.00554791093533924,0.265496375598924,0.71,0.711,1
"KIDINS220",0.00562492382405649,-0.426927743478254,0.591,0.662,1
"MIER1",0.00563306003216207,-0.415148742199407,0.757,0.751,1
"PSMA3-AS1",0.00580054881132264,-0.332431753516393,0.709,0.769,1
"RPL9",0.006120233000495,0.271700985606626,0.949,0.996,1
"GTF2H5",0.00613437223995589,-0.316863271640423,0.497,0.613,1
"COX7A2",0.00618839499740726,-0.299713516970723,0.989,0.991,1
"RBM25",0.00626893672407561,-0.292609518400329,0.795,0.849,1
"TMTC3",0.0067424209659272,-0.355480565882902,0.536,0.604,1
"SORT1",0.00677232329011174,-0.366508677600295,0.57,0.711,1
"SLIRP",0.00680084299092109,-0.388759181733146,0.968,0.982,1
"DDX59",0.00704448624289357,-0.316000804131849,0.149,0.227,1
"TOMM7",0.0073002393088645,-0.317400656947443,0.962,0.964,1
"TLK1",0.00760663095585327,-0.662966268882147,0.853,0.827,1
"SYT14",0.00852768276171465,-0.467753492623755,0.69,0.68,1
"SNX27",0.00853454470777647,-0.261063310807543,0.456,0.551,1
"NUP155",0.00858332835843642,-0.254274273031239,0.33,0.4,1
"WSB1",0.00864788331560674,-0.351212117731867,0.787,0.844,1
"PPP2R5C",0.00869807341773593,-0.33456299387535,0.83,0.884,1
"COX7B",0.00880503093520211,-0.268070180663641,0.954,0.938,1
"SDC4",0.00927414363804549,-0.291234417407344,0.318,0.387,1
"BPTF",0.00955631230818432,-0.33621211743743,0.751,0.822,1
"WASF3",0.009649156406108,-0.273581647517369,0.323,0.382,1
"RPS27",0.00970221076765769,-0.324593504002908,0.993,1,1
"C11orf1",0.00998672899474583,-0.432761468088887,0.5,0.6,1
"ATOX1",0.0100536844545163,-0.256527967394617,0.684,0.738,1
"ST3GAL5",0.0102071866397694,-0.326454322082035,0.416,0.507,1
"ELOB",0.0104558869167643,-0.34270277016558,0.98,0.987,1
"ZBED5",0.0105779230821111,-0.340496669853832,0.454,0.569,1
"PPP1CB",0.011170707201644,-0.622711199913191,0.985,0.991,1
"ZNF514",0.0117200154138368,-0.256796173877498,0.141,0.213,1
"LINC00662",0.0118996876989199,-0.274525722605462,0.423,0.538,1
"H2AFZ",0.0119133696173418,-0.380113811993849,0.92,0.938,1
"CD47",0.0125116698913818,-0.250597169456412,0.774,0.867,1
"TRPM7",0.0128393400444474,-0.409898339065557,0.447,0.542,1
"MRPL50",0.0129955274935441,-0.262832231429389,0.641,0.6,1
"CNP",0.0134906553357855,-0.316643574432387,0.709,0.733,1
"ETNK1",0.0139505004243728,-0.495785580141516,0.833,0.813,1
"PAN3",0.0140533132517495,-0.429196179346124,0.534,0.56,1
"SEZ6L",0.0140908451544012,-0.285411839343778,0.601,0.689,1
"DUSP5",0.0141549005138732,-0.301161768385095,0.382,0.458,1
"TSPYL1",0.014504479281572,-0.453240675829319,0.937,0.911,1
"XRCC5",0.0146340522532584,-0.352878154710015,0.86,0.862,1
"DYNLL1",0.0150765772440018,-0.41469629832202,0.93,0.947,1
"ADCYAP1",0.0152257327084107,-0.253165546501271,0.8,0.782,1
"EFCAB14",0.0152824597874347,-0.331000981795767,0.523,0.658,1
"PRKCA",0.0154832207703391,-0.386515987840496,0.386,0.453,1
"CDK2AP1",0.0156721678093185,-0.532640128449538,0.56,0.636,1
"NISCH",0.0157864530386982,-0.398555727976722,0.675,0.822,1
"CAPZA1",0.0158396117951873,-0.488496873822748,0.847,0.862,1
"TMEM131",0.0159998188071745,-0.408430482242975,0.344,0.453,1
"TRA2A",0.0175964286347552,-0.342625273719121,0.914,0.902,1
"G6PC2",0.0181620797258749,0.369716882149197,0.722,0.871,1
"TMEM176B",0.0184077343732372,-0.313661144464996,0.478,0.573,1
"SLC39A10",0.0187945399511987,-0.28448591503273,0.292,0.36,1
"NSD3",0.0196103820678467,-0.346788298619783,0.67,0.729,1
"MPP6",0.0196505009917669,-0.384446876995936,0.737,0.756,1
"DCX",0.0203212079382779,-0.28431670165025,0.137,0.196,1
"KCTD10",0.0206702636770883,0.256531112479027,0.266,0.2,1
"RRP36",0.0214135782115609,-0.269647558195462,0.359,0.44,1
"DLK1",0.021770694973516,0.47110992441628,0.659,0.622,1
"AP4B1",0.022452217955376,-0.253634196986366,0.171,0.24,1
"HNRNPU",0.0232164743016558,-0.279157955776206,0.84,0.853,1
"THAP5",0.0233862954472363,-0.487310812267806,0.757,0.742,1
"FAM76A",0.0237039263290116,-0.439949665511981,0.684,0.649,1
"AC006978.1",0.0237526114218454,-0.294032538519179,0.136,0.196,1
"ZNF271P",0.0239111745303133,-0.332153092754154,0.63,0.667,1
"REG1A",0.0241678531781344,-1.16178502701921,0.364,0.409,1
"MAP2",0.0243885818527376,-0.304895790989815,0.733,0.796,1
"TFRC",0.0253205407954245,-0.405732875190628,0.53,0.582,1
"MMP16",0.0254905155213472,-0.285890664105065,0.094,0.142,1
"CHGB",0.0267223817158545,-0.385021145025208,0.994,0.987,1
"GPX2",0.0276162995133786,-0.253915035745695,0.414,0.507,1
"MARCH6",0.0300102177537744,-0.437440279661423,0.955,0.911,1
"MNX1",0.0302464618965636,-0.372973418716025,0.257,0.338,1
"MPHOSPH8",0.0304164175451399,-0.347005600354609,0.826,0.88,1
"UHMK1",0.0304432602367068,-0.263276457769415,0.46,0.538,1
"MRPS33",0.0307524656371394,-0.270208414580318,0.679,0.778,1
"ZNF562",0.032010492749004,-0.385992855062467,0.408,0.462,1
"USP34",0.0329291106763776,-0.282048641596084,0.566,0.644,1
"SEM1",0.0332406649454436,-0.288583117966619,0.948,0.933,1
"PHACTR2",0.0332816093219301,-0.571350566420177,0.749,0.738,1
"LCN2",0.0335990215135732,-0.460307157411808,0.156,0.196,1
"NAA38",0.0336300779344797,-0.282429457410141,0.897,0.916,1
"SFPQ",0.0352156058624859,-0.262621133931621,0.747,0.836,1
"HLA-B",0.0368516206072558,-0.470286605756387,0.891,0.893,1
"C2orf68",0.037305950484542,-0.260452678174862,0.647,0.684,1
"TMEM258",0.0389458076045561,-0.304159296003887,0.955,0.951,1
"LEPROTL1",0.0442169282464081,-0.32330669574222,0.502,0.573,1
"CCDC90B",0.0473492926260592,-0.336512322675101,0.466,0.516,1
"VPS13C",0.0486811823961023,-0.328423982995605,0.809,0.853,1
"ATL3",0.0489945681343107,-0.26638618158319,0.417,0.484,1
"ZNF263",0.0500899638590543,-0.402512272764264,0.216,0.289,1
"IGSF11",0.0514984357678893,-0.26348111007276,0.164,0.213,1
"ZNF721",0.0522064679878456,-0.267271547614229,0.385,0.458,1
"N4BP2L2",0.0529023115017149,-0.252250339289499,0.82,0.836,1
"ZMIZ1",0.0540069896017744,-0.27703065809003,0.62,0.711,1
"SETD5",0.0545593603284829,-0.267222752429183,0.56,0.64,1
"TMEM33",0.0592052657162169,-0.355863898629539,0.817,0.782,1
"NAP1L1",0.0617416520436475,-0.268670415198227,0.905,0.947,1
"SCNM1",0.0678575268614147,-0.286831252985855,0.354,0.427,1
"MLXIPL",0.0707641375730092,-0.312588353099168,0.816,0.867,1
"ZNF175",0.0730074246145319,-0.302734811166729,0.129,0.178,1
"C15orf48",0.0740727029981827,-0.334702195225262,0.482,0.524,1
"PHC3",0.0759219552698282,-0.412162276641503,0.622,0.636,1
"UQCRQ",0.0765730314761215,-0.441016024621278,0.992,0.996,1
"SPINK1",0.0769355354072681,-1.03441934574236,0.231,0.262,1
"CCND2",0.0782457696891092,-0.297647274867274,0.599,0.613,1
"AC005261.1",0.0783610465387297,-0.296593091149143,0.41,0.467,1
"MAST3",0.0786925579068451,-0.326190786300604,0.375,0.413,1
"PTPN4",0.0817609895508455,-0.272027118624911,0.402,0.449,1
"AEBP2",0.0847340424440356,-0.570924092949184,0.546,0.538,1
"MMP7",0.0940360206988958,-0.568597104704102,0.144,0.169,1
"TACSTD2",0.098527100364255,-0.278214212629686,0.167,0.2,1
"SAMD8",0.0995474976405065,-0.353325811216945,0.54,0.56,1
"REG1B",0.105097521844437,-0.667423027109901,0.216,0.249,1
"PPP6R3",0.113256969934412,-0.300457800184184,0.748,0.769,1
"AMPD2",0.113281717316533,-0.263270345329952,0.641,0.573,1
"H2AFV",0.120651808564361,-0.318281154139245,0.651,0.693,1
"RBP1",0.129435316494218,-0.337089847331715,0.782,0.831,1
"LIMS1",0.132050217557412,-0.26640299766793,0.405,0.48,1
"ZNF518B",0.133019707452046,-0.266926846076978,0.279,0.32,1
"CD44",0.135069568521417,-0.254796703588056,0.56,0.498,1
"GSTO1",0.141131100846141,-0.300037083877774,0.774,0.831,1
"VGF",0.141947936462623,-0.566537437592915,0.636,0.636,1
"GPATCH11",0.146618787354245,-0.258396520183544,0.256,0.307,1
"AGT",0.147615291954057,-0.344798864843499,0.185,0.227,1
"RBM4",0.151768301411005,-0.351484997258509,0.57,0.618,1
"PTK2",0.152660907672432,-0.405221875041805,0.684,0.724,1
"ANKRD10",0.161213397559845,-0.262194153569284,0.768,0.787,1
"AL035071.1",0.16136179640322,-0.258043841973706,0.608,0.618,1
"ADGRG1",0.166482409822211,-0.25646585699302,0.687,0.831,1
"SPIN1",0.184220966132043,-0.269580941448628,0.575,0.6,1
"AL158206.1",0.187062262968857,-0.353522153694367,0.137,0.164,1
"TMEM242",0.189561744770402,-0.340197021441813,0.514,0.502,1
"GPX3",0.202682604453808,0.305010685263248,0.752,0.827,1
"ELMOD2",0.210220927646156,-0.485517876466328,0.252,0.298,1
"SF1",0.2208890351615,-0.26553342721552,0.697,0.698,1
"CDKN1A",0.222453026396469,-0.318826795113734,0.699,0.711,1
"FAM104B",0.223459692003477,-0.254114737059293,0.314,0.364,1
"VMA21",0.226866710258727,-0.398900442281616,0.54,0.564,1
"PARP8",0.234138278771604,-0.271975353921763,0.328,0.298,1
"CPD",0.242704967811538,-0.295566058462831,0.649,0.689,1
"TXLNA",0.243540317971975,-0.338809121565814,0.749,0.787,1
"PRSS1",0.243973027263232,-0.530436127756153,0.313,0.324,1
"ST20-AS1",0.245025322411535,-0.257102653357796,0.103,0.133,1
"XPO6",0.245837351318118,-0.455299256248621,0.343,0.316,1
"TRAPPC2",0.246417473498363,-0.437847183587296,0.448,0.484,1
"PUM2",0.247257644209194,-0.349608346802877,0.5,0.507,1
"SFT2D2",0.259690846849752,-0.316908947393503,0.634,0.622,1
"FAU",0.26283183066252,-0.295132623983109,0.977,0.987,1
"NDUFA12",0.268623247818034,-0.457710739310073,0.875,0.902,1
"PABPC1",0.275683574306018,-0.350616515973746,0.937,0.929,1
"PFKFB2",0.278280505838487,-0.650576064325564,0.894,0.747,1
"WWP1",0.279707484789557,-0.311225403573382,0.241,0.271,1
"LINC00643",0.288804700458403,-0.355593277149671,0.66,0.676,1
"RMND5A",0.311286817288315,-0.272818896782213,0.726,0.653,1
"DMKN",0.325349707677901,-0.250338467181379,0.56,0.538,1
"SETD2",0.325411336999,-0.30840928494137,0.517,0.56,1
"SET",0.336248885935316,-0.259515616442074,0.945,0.92,1
"CDK16",0.338893371045696,-0.273891832392894,0.375,0.351,1
"ARRDC3",0.343122106288971,-0.253345809291548,0.598,0.587,1
"RAB21",0.343641463782119,-0.424609752155392,0.799,0.782,1
"MT-ATP6",0.368493890922844,-0.331839243774496,1,1,1
"PRSS2",0.370344659395492,-0.920208423054481,0.337,0.351,1
"CPA1",0.379591434285199,-0.258588037609208,0.202,0.222,1
"RETREG2",0.379776284645607,-0.261397167637203,0.648,0.644,1
"POLR2G",0.389668825572145,-0.299784616539828,0.567,0.622,1
"MIEN1",0.428299485401095,0.318307353709201,0.802,0.76,1
"CPA2",0.432413041275092,-0.256768431872306,0.176,0.147,1
"ENTPD4",0.439818441295834,-0.261216733017395,0.398,0.444,1
"ANKRD17",0.466055249576086,-0.251532353017893,0.692,0.747,1
"PPY",0.473335599514359,-2.63067080287128,0.317,0.329,1
"YTHDC2",0.47496655269044,-0.261845583131536,0.449,0.431,1
"FAM171B",0.483219838153863,-0.325938566962692,0.82,0.791,1
"MANF",0.486929194999248,-0.489287081363064,0.486,0.471,1
"KMT2A",0.487562917053442,-0.295759388037144,0.674,0.702,1
"NECAB1",0.495977435205134,-0.371103486185888,0.298,0.293,1
"C6orf89",0.498642909903624,-0.274243997542183,0.628,0.68,1
"FNIP1",0.528136412822683,-0.255020622840279,0.79,0.738,1
"VAMP4",0.530464034037028,-0.252386011036715,0.418,0.449,1
"SLC4A10",0.614580186133106,-0.258608815540352,0.563,0.556,1
"CKB",0.614718159991092,-0.345436099466917,0.682,0.724,1
"DCTPP1",0.67910682044365,-0.345574391298826,0.278,0.267,1
"HLA-A",0.689016002819498,-0.313544399902044,0.953,0.924,1
"C19orf53",0.716372540837663,-0.66362628380424,0.823,0.796,1
"CXADR",0.728022136095355,-0.256549952253115,0.572,0.502,1
"ROMO1",0.742347092413337,-0.28963597908998,0.957,0.978,1
"ZDHHC9",0.74727132983738,-0.297388261316873,0.238,0.236,1
"SAR1B",0.749936836363887,-0.310122672809166,0.891,0.84,1
"BCAR1",0.752321641231876,-0.258038431445343,0.345,0.356,1
"COX8A",0.761368211322171,-0.346190257151813,0.96,0.924,1
"SST",0.768725865331406,0.707127739467078,0.484,0.533,1
"CALD1",0.772057494258305,-0.438687968298413,0.515,0.511,1
"MIR7-3HG",0.774255418989059,-0.372938574966883,0.832,0.898,1
"TICAM1",0.817912799827148,-0.649142677036561,0.159,0.16,1
"ANP32E",0.828489547446181,-0.302885178829211,0.777,0.684,1
"RPL36AL",0.847340342970666,-0.458493233425366,0.98,0.987,1
"MT1X",0.847762985033801,0.493316310135875,0.59,0.644,1
"GCNT4",0.883811281420682,-0.250330880436244,0.466,0.436,1
"DDAH1",0.897088340284258,-0.281574164798702,0.39,0.387,1
"DYNC2H1",0.933937584021441,-0.436628382240732,0.42,0.436,1
"CTRB2",0.938978783493382,-0.658843094037124,0.282,0.262,1
"GDAP2",0.939766611410363,-0.284885139266394,0.26,0.262,1
"RICTOR",0.969467528137489,-0.318922001165165,0.541,0.511,1
